,CourseCode,CourseTitle,CourseTags,InstructionalFormat,Semester
36,AFS 210,Hip-Hop Studies,IEJ,Lecture,3_Spring-24
37,ANT 101,Introduction to Anthropology,"HB, IEJ, WC",Lecture,4_Fall-24
38,ANT 101,Introduction to Anthropology,"HB, IEJ, WC",Lecture,4_Fall-24
39,ANT 101,Introduction to Anthropology,"HB, IEJ, WC",Lecture,4_Fall-24
40,ANT 101,Introduction to Anthropology,"HB, WC",Lecture,0_Fall-22
41,ANT 101,Introduction to Anthropology,"HB, WC",Lecture,0_Fall-22
42,ANT 101,Introduction to Anthropology,"HB, IEJ, WC",Lecture,5_Spring-25
43,ANT 101,Introduction to Anthropology,"HB, IEJ, WC",Lecture,5_Spring-25
44,ANT 101,Introduction to Anthropology,"HB, WC",Lecture,1_Spring-23
45,ANT 101,Introduction to Anthropology,"HB, IEJ, WC",Lecture,4_Fall-24
46,ANT 105,Introduction to Archaeology,"HB, WC",Lecture,2_Fall-23
47,ANT 105,Introduction to Archaeology,"HB, WC",Lecture,4_Fall-24
48,ANT 204,Modern Japanese Society through Films,"VP, WC",Lecture,2_Fall-23
49,ANT 204,Modern Japanese Society through Films,"VP, WC",Lecture,0_Fall-22
50,ANT 205,Japanese Popular Culture,"VP, WC",Lecture,1_Spring-23
51,ANT 205,Japanese Popular Culture,"VP, WC",Lecture,5_Spring-25
52,ANT 205,Japanese Popular Culture,"VP, WC",Lecture,1_Spring-23
53,ANT 230,Biological Anthropology,NE,Laboratory,4_Fall-24
54,ANT 230,Biological Anthropology,NE,Lecture,4_Fall-24
55,ANT 230,Biological Anthropology,NE,Lecture,3_Spring-24
56,ANT 250,Race and the U.S. Criminal Justice System,HB,Lecture,0_Fall-22
57,ANT 250,Race and the U.S. Criminal Justice System,"HB, IEJ",Lecture,2_Fall-23
58,ANT 253,Anthropology of Development in Latin America,"IEJ, WC",Lecture,5_Spring-25
59,ANT 254,The Power and Politics of Black Foodways,"HB, IEJ, WC",Lecture,2_Fall-23
60,ANT 254,The Power and Politics of Black Foodways,"HB, IEJ, WC",Laboratory,2_Fall-23
61,ANT 258,Women in Africa and the African Diaspora,HB,Lecture,1_Spring-23
62,ANT 262,Magic and Religion,WC,Lecture,1_Spring-23
63,ANT 302,Anthropology of Race and Ethnicity,HB,Lecture,0_Fall-22
64,ANT 304,Archaeology Method and Theory,HB,Lecture,1_Spring-23
65,ANT 304,Archaeology Method and Theory,HB,Laboratory,1_Spring-23
66,ANT 305,Practicing Anthropology,HB,Lecture,2_Fall-23
67,ANT 306,Human Osteology & Paleopathology,NE,Lecture,5_Spring-25
68,ANT 306,Human Osteology & Paleopathology,NE,Laboratory,5_Spring-25
69,ANT 327,Feminist Anthropology,"HB, WR",Lecture,5_Spring-25
70,ANT 327,Feminist Anthropology,"HB, WR",Lecture,3_Spring-24
71,ANT 401,Anthropological Theory,WR,Lecture,3_Spring-24
72,ART 111,Introduction to Design,VP,Studio,0_Fall-22
73,ART 111,Introduction to Design,VP,Studio,0_Fall-22
74,ART 111,Introduction to Design,VP,Studio,0_Fall-22
75,ART 111,Introduction to Design,VP,Studio,1_Spring-23
76,ART 111,Introduction to Design,VP,Studio,1_Spring-23
77,ART 112,Introduction to Sculpture,VP,Studio,2_Fall-23
78,ART 112,Introduction to Sculpture,VP,Studio,2_Fall-23
79,ART 112,Introduction to Sculpture,VP,Studio,3_Spring-24
80,ART 113,Introduction to Painting,VP,Studio,0_Fall-22
81,ART 113,Introduction to Painting,VP,Studio,3_Spring-24
82,ART 124,Drawing,VP,Studio,4_Fall-24
83,ART 124,Drawing,VP,Studio,0_Fall-22
84,ART 124,Drawing,VP,Studio,5_Spring-25
85,ART 132,Histories of Art I,VP,Lecture,1_Spring-23
86,ART 133,Histories of Art II,VP,Lecture,1_Spring-23
87,ART 133,Histories of Art II,VP,Lecture,3_Spring-24
88,ART 200,Introduction to Ceramics,VP,Studio,3_Spring-24
89,ART 200,Introduction to Ceramics,VP,Studio,3_Spring-24
90,ART 200,Ceramics I,VP,Studio,1_Spring-23
91,ART 200,Ceramics I,VP,Studio,1_Spring-23
92,ART 200,Ceramics I,VP,Studio,0_Fall-22
95,ART 201,Themes in Ceramics,VP,Studio,4_Fall-24
98,ART 205,Darkroom Photography,VP,Studio,5_Spring-25
99,ART 205,Darkroom Photography,VP,Studio,2_Fall-23
100,ART 206,Digital Photography,VP,Studio,2_Fall-23
101,ART 206,Color and Digital Photography,VP,Studio,1_Spring-23
106,ART 224,Watermedia,VP,Lecture,2_Fall-23
107,ART 246,Twentieth Century Art,WR,Lecture,5_Spring-25
108,ART 251,Contemporary Art Since 1960,VP,Lecture,2_Fall-23
109,ART 252,Women and the Arts,"VP, WR",Lecture,3_Spring-24
110,ART 253,Art & Death,UQ,Lecture,2_Fall-23
111,ART 256,Art & Politics,"VP, IEJ",Lecture,4_Fall-24
112,ART 258,Embodied Representations,VP,Lecture,0_Fall-22
113,ART 258,"Embodied Representations: Art, Bodies, & Identities","VP, IEJ",Lecture,4_Fall-24
114,ART 259,History of Design,VP,Lecture,1_Spring-23
115,ART 263,Arts of Japan,"VP, WC",Lecture,5_Spring-25
116,ART 265,Museums Are Not Neutral,WR,Lecture,1_Spring-23
117,ART 265,Museums Are Not Neutral,WR,Lecture,5_Spring-25
120,ART 287,African-American Art (Visual Identity),"VP, IEJ",Lecture,3_Spring-24
123,ART 303,Photographic Essay,VP,Studio,3_Spring-24
124,ART 303,Photographic Essay,VP,Studio,1_Spring-23
141,AST 200,Introduction to Asian Studies,WC,Seminar,0_Fall-22
142,AST 200,Introduction to Asian Studies,"IEJ, WC",Seminar,4_Fall-24
143,AST 215,Archaeology of East Asia,"HB, WC",Lecture,4_Fall-24
144,AST 220,Ramayana,"UQ, WC",Lecture,0_Fall-22
145,AST 240,Archaeology of the Silk Road,"HA, WC",Lecture,5_Spring-25
146,AST 240,Archaeology of the Silk Road,"HA, WC",Lecture,1_Spring-23
147,AST 250,Human Development in Contemporary Asia,"HB, WC",Lecture,0_Fall-22
148,AST 255,Poverty  Gender and Development in India,"HB, WC",Lecture,2_Fall-23
149,AST 270,Languages of Asia,"HB, WC",Lecture,4_Fall-24
151,AST 470,Seminar in Asian Studies,WR,Seminar,3_Spring-24
152,AST 470,Seminar in Asian Studies,WR,Seminar,2_Fall-23
153,AST 470,Seminar in Asian Studies,WR,Seminar,3_Spring-24
154,AST 470,TU-Seminar in Asian Studies,WR,Seminar,2_Fall-23
157,BIO 101,Principles of Biology,NWL,Lecture,2_Fall-23
158,BIO 101,Principles of Biology,NWL,Laboratory,0_Fall-22
159,BIO 101,Principles of Biology,NWL,Lecture,0_Fall-22
160,BIO 101,Principles of Biology,NWL,Laboratory,2_Fall-23
161,BIO 102,Biology and the Environment,"NWL, NE",Lecture,4_Fall-24
162,BIO 102,Biology and the Environment,"NWL, NE",Laboratory,4_Fall-24
163,BIO 102,Biology and the Environment,"NWL, NE",Laboratory,2_Fall-23
164,BIO 102,Biology and the Environment,"NWL, NE",Lecture,2_Fall-23
165,BIO 102,Biology and the Environment,"NWL, NE",Laboratory,0_Fall-22
166,BIO 102,Biology and the Environment,"NWL, NE",Lecture,0_Fall-22
167,BIO 111,Foundations of Biology,NWL,Laboratory,1_Spring-23
168,BIO 111,Foundations of Biology,NWL,Lecture,1_Spring-23
169,BIO 111,Foundations of Biology,NWL,Laboratory,1_Spring-23
170,BIO 111,Foundations of Biology,NWL,Lecture,1_Spring-23
171,BIO 111,Foundations of Biology,NWL,Lecture,5_Spring-25
172,BIO 111,Foundations of Biology,NWL,Lecture,1_Spring-23
173,BIO 111,Foundations of Biology,NWL,Laboratory,5_Spring-25
174,BIO 111,Foundations of Biology,NWL,Laboratory,4_Fall-24
185,BIO 222,Research and Analysis,WR,Laboratory,0_Fall-22
186,BIO 222,Research and Analysis,WR,Lecture,4_Fall-24
187,BIO 222,Research and Analysis,WR,Laboratory,0_Fall-22
188,BIO 222,Research and Analysis,WR,Lecture,4_Fall-24
189,BIO 222,Research and Analysis,WR,Laboratory,2_Fall-23
190,BIO 222,Research and Analysis,WR,Lecture,2_Fall-23
191,BIO 222,Research and Analysis,WR,Laboratory,1_Spring-23
192,BIO 222,Research and Analysis,WR,Lecture,1_Spring-23
193,BIO 230,Nature of Diversity,"NWL, NE",Lecture,2_Fall-23
194,BIO 230,Nature of Diversity,"NWL, NE",Laboratory,2_Fall-23
195,BIO 230,Nature of Diversity,"NWL, NE",Laboratory,4_Fall-24
196,BIO 230,Nature of Diversity,"NWL, NE",Lecture,4_Fall-24
233,BIO 340,Ecology,NE,Laboratory,1_Spring-23
234,BIO 340,Ecology,NE,Laboratory,3_Spring-24
235,BIO 340,Ecology,NE,Lecture,3_Spring-24
236,BIO 340,Ecology,NE,Lecture,5_Spring-25
237,BIO 343,Environmental Systems,NE,Lecture,0_Fall-22
238,BIO 343,Environmental Systems,NE,Laboratory,0_Fall-22
239,BIO 343,Environmental Systems,NE,Laboratory,4_Fall-24
240,BIO 343,Environmental Systems,NE,Lecture,4_Fall-24
241,BIO 346,Forest Ecology,NE,Laboratory,2_Fall-23
242,BIO 346,Forest Ecology,NE,Lecture,2_Fall-23
245,BIO 401,Economic Botany,NE,Laboratory,1_Spring-23
246,BIO 401,Economic Botany,NE,Lecture,5_Spring-25
247,BIO 402,Ethnobiology,"NW, WC",Lecture,1_Spring-23
248,BIO 402,Belize: Biodiversity and Culture,"NW, WC",Lecture,5_Spring-25
249,BIO 402,Belize: Biodiversity and Culture,"NW, WC",Laboratory,5_Spring-25
250,BIO 402,Ethnobiology,"NW, WC",Laboratory,1_Spring-23
253,BIO 423,Marine Biology,"NWL, NE",Lecture,5_Spring-25
254,BIO 423,Marine Biology,"NWL, NE",Lecture,1_Spring-23
255,BIO 423,Marine Biology,"NWL, NE",Laboratory,1_Spring-23
256,BIO 423,Marine Biology,"NWL, NE",Laboratory,5_Spring-25
267,BIO 434,Ecology and Management of Great Smoky Mountains,NE,Lecture,3_Spring-24
268,BIO 434,Ecology and Management of Great Smoky Mountains,NE,Laboratory,3_Spring-24
269,BIO 435,Agroecology,NE,Lecture,2_Fall-23
270,BIO 435,Agroecology,NE,Laboratory,2_Fall-23
371,BUS 360,Performance Management,HB,Lecture,4_Fall-24
372,BUS 360,Performance Management,HB,Lecture,0_Fall-22
386,BUS 450,Strategic Management,WR,Seminar,1_Spring-23
387,BUS 450,Strategic Management,WR,Seminar,0_Fall-22
388,BUS 450,Strategic Management,WR,Seminar,0_Fall-22
389,BUS 450,Strategic Management,WR,Seminar,4_Fall-24
390,BUS 450,Strategic Management,WR,Seminar,4_Fall-24
391,BUS 450,Strategic Management,WR,Seminar,5_Spring-25
392,BUS 450,Strategic Management,WR,Seminar,1_Spring-23
404,CHM 101,Chemistry and Global Awareness,"NW, NE",Lecture,1_Spring-23
405,CHM 101,Chemistry and Global Awareness,"NW, NE",Lecture,1_Spring-23
406,CHM 101,Chemistry and Global Awareness,"NW, NE",Lecture,1_Spring-23
407,CHM 101,Chemistry and Global Awareness,"NW, NE",Lecture,1_Spring-23
408,CHM 101,Chemistry and Global Awareness,"NW, NE",Lecture,4_Fall-24
409,CHM 110,Foundations of Chemistry,NWL,Lecture,5_Spring-25
410,CHM 110,Foundations of Chemistry,NWL,Laboratory,5_Spring-25
411,CHM 110,Foundations of Chemistry,NWL,Lecture,2_Fall-23
412,CHM 110,Foundations of Chemistry,NWL,Combination,2_Fall-23
413,CHM 110,Foundations of Chemistry,NWL,Laboratory,2_Fall-23
414,CHM 110,Foundations of Chemistry,NWL,Laboratory,2_Fall-23
415,CHM 110,Foundations of Chemistry,NWL,Laboratory,5_Spring-25
416,CHM 110,Foundations of Chemistry,NWL,Combination,2_Fall-23
417,CHM 110,Foundations of Chemistry,NWL,Laboratory,2_Fall-23
418,CHM 110,Foundations of Chemistry,NWL,Lecture,2_Fall-23
419,CHM 110,Foundations of Chemistry,NWL,Combination,2_Fall-23
420,CHM 110,Foundations of Chemistry,NWL,Lecture,2_Fall-23
421,CHM 110,Foundations of Chemistry,NWL,Laboratory,3_Spring-24
422,CHM 110,Foundations of Chemistry,NWL,Lecture,0_Fall-22
423,CHM 110,Foundations of Chemistry,NWL,Lecture,0_Fall-22
424,CHM 110,Foundations of Chemistry,NWL,Combination,0_Fall-22
425,CHM 110,Foundations of Chemistry,NWL,Laboratory,0_Fall-22
426,CHM 110,Foundations of Chemistry,NWL,Combination,0_Fall-22
427,CHM 110,Foundations of Chemistry,NWL,Laboratory,0_Fall-22
428,CHM 110,Foundations of Chemistry,NWL,Lecture,5_Spring-25
429,CHM 110,Foundations of Chemistry,NWL,Laboratory,3_Spring-24
430,CHM 110,Foundations of Chemistry,NWL,Lecture,3_Spring-24
431,CHM 110,Foundations of Chemistry,NWL,Laboratory,3_Spring-24
432,CHM 110,Foundations of Chemistry,NWL,Lecture,3_Spring-24
433,CHM 110,Foundations of Chemistry,NWL,Lecture,4_Fall-24
434,CHM 110,Foundations of Chemistry,NWL,Laboratory,4_Fall-24
435,CHM 110,Foundations of Chemistry,NWL,Lecture,4_Fall-24
436,CHM 110,Foundations of Chemistry,NWL,Laboratory,4_Fall-24
437,CHM 115,Kinetics Thermodynamics and the Environment,"NWL, NE",Laboratory,0_Fall-22
438,CHM 115,Kinetics Thermodynamics and the Environment,"NWL, NE",Lecture,4_Fall-24
439,CHM 115,Kinetics Thermodynamics and the Environment,"NWL, NE",Laboratory,4_Fall-24
440,CHM 115,Kinetics Thermodynamics and the Environment,"NWL, NE",Laboratory,5_Spring-25
441,CHM 115,Kinetics Thermodynamics and the Environment,"NWL, NE",Combination,0_Fall-22
442,CHM 115,Kinetics Thermodynamics and the Environment,"NWL, NE",Lecture,0_Fall-22
443,CHM 115,Kinetics Thermodynamics and the Environment,"NWL, NE",Laboratory,0_Fall-22
444,CHM 115,Kinetics Thermodynamics and the Environment,"NWL, NE",Lecture,0_Fall-22
445,CHM 115,Kinetics Thermodynamics and the Environment,"NWL, NE",Lecture,5_Spring-25
446,CHM 115,Kinetics Thermodynamics and the Environment,"NWL, NE",Combination,0_Fall-22
447,CHM 115,Kinetics Thermodynamics and the Environment,"NWL, NE",Lecture,4_Fall-24
448,CHM 115,Kinetics Thermodynamics and the Environment,"NWL, NE",Laboratory,5_Spring-25
449,CHM 115,Kinetics Thermodynamics and the Environment,"NWL, NE",Lecture,3_Spring-24
450,CHM 115,Kinetics Thermodynamics and the Environment,"NWL, NE",Laboratory,5_Spring-25
451,CHM 115,Kinetics Thermodynamics and the Environment,"NWL, NE",Laboratory,5_Spring-25
452,CHM 115,Kinetics Thermodynamics and the Environment,"NWL, NE",Lecture,5_Spring-25
453,CHM 115,Kinetics Thermodynamics and the Environment,"NWL, NE",Laboratory,3_Spring-24
454,CHM 115,Kinetics Thermodynamics and the Environment,"NWL, NE",Lecture,3_Spring-24
455,CHM 115,Kinetics Thermodynamics and the Environment,"NWL, NE",Laboratory,3_Spring-24
456,CHM 115,Kinetics Thermodynamics and the Environment,"NWL, NE",Lecture,3_Spring-24
457,CHM 115,Kinetics Thermodynamics and the Environment,"NWL, NE",Laboratory,3_Spring-24
458,CHM 115,Kinetics Thermodynamics and the Environment,"NWL, NE",Lecture,3_Spring-24
459,CHM 115,Kinetics Thermodynamics and the Environment,"NWL, NE",Laboratory,3_Spring-24
460,CHM 115,Kinetics Thermodynamics and the Environment,"NWL, NE",Lecture,0_Fall-22
461,CHM 115,Kinetics Thermodynamics and the Environment,"NWL, NE",Lecture,5_Spring-25
462,CHM 115,Kinetics Thermodynamics and the Environment,"NWL, NE",Combination,0_Fall-22
463,CHM 115,Kinetics Thermodynamics and the Environment,"NWL, NE",Lecture,2_Fall-23
464,CHM 115,Kinetics Thermodynamics and the Environment,"NWL, NE",Lecture,0_Fall-22
465,CHM 115,Kinetics Thermodynamics and the Environment,"NWL, NE",Laboratory,0_Fall-22
466,CHM 115,Kinetics Thermodynamics and the Environment,"NWL, NE",Laboratory,4_Fall-24
467,CHM 115,Kinetics Thermodynamics and the Environment,"NWL, NE",Lecture,1_Spring-23
468,CHM 115,Kinetics Thermodynamics and the Environment,"NWL, NE",Combination,1_Spring-23
469,CHM 115,Kinetics Thermodynamics and the Environment,"NWL, NE",Laboratory,1_Spring-23
470,CHM 115,Kinetics Thermodynamics and the Environment,"NWL, NE",Combination,2_Fall-23
471,CHM 115,Kinetics Thermodynamics and the Environment,"NWL, NE",Lecture,2_Fall-23
472,CHM 115,Kinetics Thermodynamics and the Environment,"NWL, NE",Laboratory,2_Fall-23
473,CHM 115,Kinetics Thermodynamics and the Environment,"NWL, NE",Combination,2_Fall-23
474,CHM 115,Kinetics Thermodynamics and the Environment,"NWL, NE",Lecture,2_Fall-23
475,CHM 115,Kinetics Thermodynamics and the Environment,"NWL, NE",Laboratory,2_Fall-23
476,CHM 115,Kinetics Thermodynamics and the Environment,"NWL, NE",Combination,2_Fall-23
477,CHM 115,Kinetics Thermodynamics and the Environment,"NWL, NE",Laboratory,0_Fall-22
478,CHM 115,Kinetics Thermodynamics and the Environment,"NWL, NE",Combination,0_Fall-22
479,CHM 115,Kinetics Thermodynamics and the Environment,"NWL, NE",Laboratory,2_Fall-23
480,CHM 118,Principles of Chemistry: Theory and Applications,"NWL, NE",Laboratory,2_Fall-23
481,CHM 118,Principles of Chemistry: Theory and Applications,"NWL, NE",Experiential,2_Fall-23
482,CHM 118,Principles of Chemistry: Theory and Applications,"NWL, NE",Lecture,2_Fall-23
483,CHM 118,Principles of Chemistry: Theory and Applications,"NWL, NE",Lecture,4_Fall-24
484,CHM 118,Principles of Chemistry: Theory and Applications,"NWL, NE",Laboratory,4_Fall-24
485,CHM 120,Organic Chemistry,NWL,Lecture,1_Spring-23
486,CHM 120,Organic Chemistry I,NWL,Laboratory,5_Spring-25
487,CHM 120,Organic Chemistry I,NWL,Laboratory,5_Spring-25
488,CHM 120,Organic Chemistry I,NWL,Lecture,5_Spring-25
489,CHM 120,Organic Chemistry I,NWL,Laboratory,5_Spring-25
490,CHM 120,Organic Chemistry I,NWL,Lecture,5_Spring-25
491,CHM 120,Organic Chemistry,NWL,Laboratory,0_Fall-22
492,CHM 120,Organic Chemistry,NWL,Lecture,0_Fall-22
493,CHM 120,Organic Chemistry,NWL,Lecture,0_Fall-22
494,CHM 120,Organic Chemistry,NWL,Laboratory,0_Fall-22
495,CHM 120,Organic Chemistry,NWL,Laboratory,0_Fall-22
496,CHM 120,Organic Chemistry,NWL,Laboratory,1_Spring-23
497,CHM 120,Organic Chemistry,NWL,Lecture,0_Fall-22
498,CHM 120,Organic Chemistry I,NWL,Laboratory,4_Fall-24
499,CHM 120,Organic Chemistry I,NWL,Lecture,4_Fall-24
500,CHM 120,Organic Chemistry I,NWL,Laboratory,4_Fall-24
501,CHM 120,Organic Chemistry I,NWL,Lecture,4_Fall-24
502,CHM 120,Organic Chemistry I,NWL,Laboratory,4_Fall-24
503,CHM 120,Organic Chemistry I,NWL,Lecture,4_Fall-24
504,CHM 120,Organic Chemistry I,NWL,Laboratory,4_Fall-24
505,CHM 120,Organic Chemistry I,NWL,Lecture,4_Fall-24
506,CHM 120,Organic Chemistry,NWL,Laboratory,3_Spring-24
507,CHM 120,Organic Chemistry,NWL,Lecture,3_Spring-24
508,CHM 120,Organic Chemistry,NWL,Lecture,3_Spring-24
509,CHM 120,Organic Chemistry,NWL,Laboratory,3_Spring-24
589,CHM 511,Undergraduate Thesis II,WR,Independent Study,3_Spring-24
590,CHM 511,Undergraduate Thesis II,WR,Independent Study,3_Spring-24
591,CHM 511,Undergraduate Thesis II,WR,Independent Study,3_Spring-24
592,CHM 511,Undergraduate Thesis II,WR,Independent Study,3_Spring-24
593,CHM 511,Undergraduate Thesis II,WR,Independent Study,3_Spring-24
594,CHM 511,Undergraduate Thesis II,WR,Independent Study,3_Spring-24
595,CHM 511,Undergraduate Thesis II,WR,Independent Study,3_Spring-24
596,CHM 511,Undergraduate Thesis II,WR,Independent Study,3_Spring-24
597,CHM 511,Undergraduate Thesis II,WR,Independent Study,3_Spring-24
598,CHM 511,Undergraduate Thesis II,WR,Independent Study,3_Spring-24
599,CHM 511,Undergraduate Thesis II,WR,Independent Study,3_Spring-24
600,CHM 511,Undergraduate Thesis II,WR,Independent Study,3_Spring-24
601,CHM 511,Undergraduate Thesis II,WR,Independent Study,3_Spring-24
602,CHM 511,Undergraduate Thesis II,WR,Independent Study,1_Spring-23
607,CHN 201,Intermediate Chinese I,FL,Lecture,0_Fall-22
608,CHN 202,Intermediate Chinese II,FL,Lecture,3_Spring-24
609,CHN 225,Chinese Film,"VP, WC",Lecture,3_Spring-24
610,CHN 225,Chinese Film,"VP, WC",Lecture,3_Spring-24
611,CHN 230,Survey of Chinese Literature,"TA, WC",Lecture,0_Fall-22
612,CHN 246,Twentieth Century Chinese Popular Fiction,"TA, WC",Lecture,3_Spring-24
619,CLS 101,Homer for Everyone,TA,Lecture,3_Spring-24
620,CLS 102,Classics: The Basics,TA,Lecture,4_Fall-24
621,CLS 103,Mythology,TA,Lecture,4_Fall-24
622,CLS 103,Mythology,TA,Lecture,3_Spring-24
623,CLS 103,Mythology,TA,Lecture,0_Fall-22
624,CLS 104,Sport and Violence in the Ancient World,HA,Lecture,3_Spring-24
625,CLS 105,The Ancient World in 50 Archaeological Objects,HA,Lecture,0_Fall-22
626,CLS 212,Geography and Travel in the Ancient Mediterranean,"TA, NE",Lecture,4_Fall-24
627,CLS 213,Inventing the Book,HA,Lecture,3_Spring-24
628,CLS 214,Law and Order: Greece & Rome,HA,Lecture,1_Spring-23
629,CLS 216,Historical Linguistics and Proto-Indo-European,HB,Lecture,5_Spring-25
630,CLS 221,Roman Civilization,HA,Lecture,4_Fall-24
631,CLS 232,Guide to the Good Life,UQ,Lecture,1_Spring-23
633,CLS 322,The Power in Democracy,HA,Lecture,5_Spring-25
634,CLS 331,Constructing Identities,UQ,Lecture,1_Spring-23
635,CLS 332,Women and Power in Antiquity,"TA, IEJ",Lecture,2_Fall-23
636,CLS 401,Seminar in Classics,WR,Lecture,1_Spring-23
645,COM 102,Media & Society,HB,Lecture,5_Spring-25
646,COM 102,Media & Society,HB,Lecture,1_Spring-23
647,COM 102,Media & Society,HB,Lecture,0_Fall-22
648,COM 102,Media & Society,HB,Lecture,4_Fall-24
649,COM 102,Media & Society,HB,Lecture,4_Fall-24
650,COM 201,Rhetoric & Strategy,TA,Lecture,2_Fall-23
651,COM 201,Rhetoric & Strategy,TA,Lecture,2_Fall-23
652,COM 201,Rhetoric & Strategy,TA,Lecture,0_Fall-22
653,COM 201,Rhetoric & Strategy,TA,Lecture,0_Fall-22
654,COM 202,Digital Storytelling,VP,Lecture,4_Fall-24
655,COM 202,Digital Storytelling,VP,Lecture,5_Spring-25
656,COM 202,Digital Storytelling,VP,Lecture,4_Fall-24
657,COM 202,Digital Storytelling,VP,Lecture,1_Spring-23
658,COM 202,Digital Storytelling,VP,Lecture,1_Spring-23
659,COM 202,Digital Storytelling,VP,Lecture,1_Spring-23
660,COM 301,Rhetorical Criticism,"TA, WR",Lecture,5_Spring-25
661,COM 301,Rhetorical Criticism,"TA, WR",Lecture,3_Spring-24
662,COM 302,Media Criticism,"VP, WR",Lecture,1_Spring-23
663,COM 302,Media Criticism,"VP, WR",Laboratory,1_Spring-23
664,COM 302,Media Criticism,"VP, WR",Lecture,2_Fall-23
665,COM 302,Media Criticism,"VP, WR",Laboratory,2_Fall-23
666,COM 303,Communication Research Methods,"HB, WR",Lecture,5_Spring-25
667,COM 303,Communication Research Methods,"HB, WR",Lecture,1_Spring-23
671,COM 315,Great Speeches,TA,Lecture,4_Fall-24
672,COM 318,African American Rhetoric,TA,Lecture,2_Fall-23
673,COM 331,Media History,HA,Lecture,2_Fall-23
674,COM 337,International Communication,WC,Lecture,4_Fall-24
681,COM 353,Political Communication,HA,Lecture,1_Spring-23
682,COM 353,Political Communication,HA,Lecture,4_Fall-24
687,COM 414,Global Advocacy,WC,Lecture,3_Spring-24
693,COM 460,Communication Ethics,UQ,Lecture,1_Spring-23
703,CSC 105,Intro to Computer Science (Creativity and Computers),MR,Lecture,2_Fall-23
704,CSC 105,Intro to Computer Science (Social Media),MR,Lecture,2_Fall-23
705,CSC 105,Intro to Computer Science (Social Media),MR,Laboratory,2_Fall-23
706,CSC 105,Intro to Computer Science (Creativity and Computers),MR,Laboratory,2_Fall-23
707,CSC 105,Intro to Computer Science (The Internet),MR,Laboratory,3_Spring-24
708,CSC 105,Intro to Computer Science (The Making and Breaking of Ciphers),MR,Laboratory,0_Fall-22
709,CSC 105,Intro to Computer Science (The Internet),MR,Lecture,4_Fall-24
710,CSC 105,Intro to Computer Science (Social Media),MR,Laboratory,4_Fall-24
711,CSC 105,Intro to Computer Science (Social Media),MR,Lecture,4_Fall-24
712,CSC 105,Intro to Computer Science (Information Security for Future Leaders),MR,Laboratory,3_Spring-24
713,CSC 105,Intro to Computer Science (Information Security for Future Leaders),MR,Lecture,3_Spring-24
714,CSC 105,Intro to Computer Science (The Making and Breaking of Ciphers),MR,Lecture,0_Fall-22
715,CSC 105,Intro to Computer Science (The Internet),MR,Laboratory,4_Fall-24
716,CSC 105,Intro to Computer Science (The Internet),MR,Lecture,3_Spring-24
717,CSC 105,Intro to Computer Science (Creativity and Computers),MR,Lecture,5_Spring-25
718,CSC 105,Intro to Computer Science (Man vs. Machine),MR,Lecture,1_Spring-23
719,CSC 105,Intro to Computer Science (Man vs. Machine),MR,Laboratory,1_Spring-23
720,CSC 105,Intro to Computer Science (The Making and Breaking of Ciphers),MR,Laboratory,0_Fall-22
721,CSC 105,Intro to Computer Science (Creativity and Computers),MR,Laboratory,5_Spring-25
722,CSC 105,Intro to Computer Science (The Making and Breaking of Ciphers),MR,Lecture,0_Fall-22
723,CSC 121,Intro to Computer Programming,MR,Laboratory,1_Spring-23
724,CSC 121,Intro to Computer Programming,MR,Laboratory,2_Fall-23
725,CSC 121,Intro to Computer Programming,MR,Lecture,2_Fall-23
726,CSC 121,Intro to Computer Programming,MR,Laboratory,3_Spring-24
727,CSC 121,Intro to Computer Programming,MR,Lecture,0_Fall-22
728,CSC 121,Intro to Computer Programming,MR,Laboratory,0_Fall-22
729,CSC 121,Intro to Computer Programming,MR,Lecture,1_Spring-23
730,CSC 121,Intro to Computer Programming,MR,Lecture,3_Spring-24
731,CSC 121,Intro to Computer Programming,MR,Lecture,1_Spring-23
732,CSC 121,Intro to Computer Programming,MR,Lecture,0_Fall-22
733,CSC 121,Intro to Computer Programming,MR,Laboratory,5_Spring-25
734,CSC 121,Intro to Computer Programming,MR,Laboratory,4_Fall-24
735,CSC 121,Intro to Computer Programming,MR,Lecture,4_Fall-24
755,CSC 271,"Digital Dilemmas: Data, Technology, and Being Human",UQ,Lecture,4_Fall-24
756,CSC 271,Morals  Law and Society in the Digital Age,UQ,Lecture,1_Spring-23
757,CSC 272,Introduction to Data Mining,HB,Lecture,4_Fall-24
758,CSC 272,Introduction to Data Mining,HB,Lecture,5_Spring-25
759,CSC 272,Introduction to Data Mining,HB,Laboratory,5_Spring-25
760,CSC 272,Introduction to Data Mining,HB,Lecture,0_Fall-22
761,CSC 272,Introduction to Data Mining,HB,Laboratory,0_Fall-22
762,CSC 272,Introduction to Data Mining,HB,Lecture,0_Fall-22
763,CSC 272,Introduction to Data Mining,HB,Laboratory,0_Fall-22
764,CSC 272,Introduction to Data Mining,HB,Laboratory,4_Fall-24
765,CSC 272,Introduction to Data Mining,HB,Laboratory,5_Spring-25
766,CSC 272,Introduction to Data Mining,HB,Lecture,5_Spring-25
767,CSC 272,Introduction to Data Mining,HB,Laboratory,3_Spring-24
793,CSC 475,Seminar in Computer Science,WR,Seminar,1_Spring-23
794,CSC 475,Seminar in Computer Science,WR,Seminar,5_Spring-25
795,CSC 475,Seminar in Computer Science,WR,Seminar,4_Fall-24
799,CSC 502,Research,WR,Independent Study,1_Spring-23
800,CSC 502,Research,WR,Independent Study,5_Spring-25
801,DAN 120,Foundations of Dance,MB,Lecture,2_Fall-23
802,DAN 120,Foundations of Dance,MB,Lecture,4_Fall-24
803,DAN 220,Dance Techniques II,VP,Lecture,1_Spring-23
809,ECN 111,Introduction to Economics,HB,Lecture,5_Spring-25
810,ECN 111,Introduction to Economics,HB,Lecture,5_Spring-25
811,ECN 111,Introduction to Economics,HB,Lecture,5_Spring-25
812,ECN 111,Introduction to Economics,HB,Lecture,5_Spring-25
813,ECN 111,Introduction to Economics,HB,Lecture,5_Spring-25
814,ECN 111,Introduction to Economics,HB,Lecture,4_Fall-24
815,ECN 111,Introduction to Economics,HB,Lecture,2_Fall-23
816,ECN 111,Introduction to Economics,HB,Lecture,2_Fall-23
817,ECN 111,Introduction to Economics,HB,Lecture,2_Fall-23
818,ECN 111,Introduction to Economics,HB,Lecture,2_Fall-23
819,ECN 111,Introduction to Economics,HB,Lecture,2_Fall-23
820,ECN 111,Introduction to Economics,HB,Lecture,4_Fall-24
821,ECN 224,Law and Economics,HB,Lecture,5_Spring-25
822,ECN 226,Game Theory,HB,Lecture,3_Spring-24
823,ECN 233,Economics of Gender,HB,Lecture,1_Spring-23
824,ECN 233,Economics of Gender,"HB, IEJ",Lecture,5_Spring-25
825,ECN 234,Urban Economics,HB,Lecture,1_Spring-23
826,ECN 236,Economics of the Environment,"HB, NE",Lecture,2_Fall-23
827,ECN 236,Economics of the Environment,"HB, NE",Lecture,2_Fall-23
828,ECN 237,Economics of Poverty and Inequality,HB,Lecture,2_Fall-23
829,ECN 238,Public Economics,HB,Lecture,5_Spring-25
830,ECN 239,Economics of Sports,HB,Lecture,4_Fall-24
831,ECN 241,Money and Banking,HB,Lecture,1_Spring-23
832,ECN 242,Health Economics,HB,Lecture,3_Spring-24
833,ECN 242,Health Economics,HB,Lecture,3_Spring-24
834,ECN 244,Behavioral Economics,HB,Lecture,0_Fall-22
835,ECN 245,Development Economics,"HB, WC",Lecture,1_Spring-23
836,ECN 246,Economic Growth,HB,Lecture,3_Spring-24
837,ECN 247,History of Economic Thought,HB,Lecture,3_Spring-24
838,ECN 248,Government and Business,HB,Lecture,0_Fall-22
839,ECN 250,Labor Economics,HB,Lecture,0_Fall-22
840,ECN 252,International Trade Theory and Policy,HB,Lecture,1_Spring-23
841,ECN 252,International Trade,HB,Lecture,4_Fall-24
842,ECN 253,International Finance and Macroeconomic Policy,HB,Lecture,3_Spring-24
843,ECN 256,Economics of Strategy,HB,Lecture,5_Spring-25
844,ECN 331,Empirical Methods in Economics,WR,Laboratory,0_Fall-22
845,ECN 331,Empirical Methods in Economics,WR,Lecture,0_Fall-22
846,ECN 331,Empirical Methods in Economics,WR,Laboratory,0_Fall-22
847,ECN 331,Empirical Methods in Economics,WR,Lecture,0_Fall-22
848,ECN 331,Empirical Methods in Economics,WR,Laboratory,4_Fall-24
849,ECN 331,Empirical Methods in Economics,WR,Lecture,4_Fall-24
866,EDU 111,Perspectives on American Education,HB,Lecture,0_Fall-22
867,EDU 111,Perspectives on American Education,HB,Lecture,1_Spring-23
868,EDU 111,Perspectives on American Education,HB,Lecture,1_Spring-23
869,EDU 111,Perspectives on American Education,HB,Lecture,2_Fall-23
870,EDU 112,History of Education in America,"HA, IEJ",Lecture,2_Fall-23
871,EDU 113,Introduction to Educational Philosophy,"TA, IEJ",Lecture,4_Fall-24
872,EDU 114,"Culture, Identity, and Schooling","HB, IEJ",Lecture,5_Spring-25
873,EDU 120,Human Development,HB,Lecture,0_Fall-22
874,EDU 120,Human Development,HB,Lecture,2_Fall-23
875,EDU 120,Human Development,HB,Lecture,2_Fall-23
877,EDU 215,"Diversity, Equity & Inclusion in Education","IEJ, WR",Lecture,3_Spring-24
884,EDU 250,Scholarly Reading and Writing in Education,"TA, WR",Lecture,5_Spring-25
885,EDU 275,Educational Psychology,HB,Lecture,5_Spring-25
923,EES 112,Environmental Science,"NWL, NE",Lecture,0_Fall-22
924,EES 112,Environmental Science,"NWL, NE",Laboratory,0_Fall-22
925,EES 112,Environmental Science,"NWL, NE",Lecture,4_Fall-24
926,EES 112,Environmental Science,"NWL, NE",Laboratory,1_Spring-23
927,EES 112,Environmental Science,"NWL, NE",Laboratory,4_Fall-24
928,EES 112,Environmental Science,"NWL, NE",Lecture,4_Fall-24
929,EES 113,Natural Hazards and Natural Disasters,"NWL, NE",Lecture,1_Spring-23
930,EES 113,Natural Hazards and Natural Disasters,"NWL, NE",Laboratory,1_Spring-23
931,EES 113,Natural Hazards and Natural Disasters,"NWL, NE",Lecture,1_Spring-23
932,EES 113,Natural Hazards and Natural Disasters,"NWL, NE",Laboratory,0_Fall-22
933,EES 113,Natural Hazards and Natural Disasters,"NWL, NE",Laboratory,0_Fall-22
934,EES 113,Natural Hazards and Natural Disasters,"NWL, NE",Lecture,4_Fall-24
935,EES 113,Natural Hazards and Natural Disasters,"NWL, NE",Laboratory,4_Fall-24
936,EES 113,Natural Hazards and Natural Disasters,"NWL, NE",Lecture,2_Fall-23
937,EES 115,Earth Systems,"NWL, NE",Lecture,5_Spring-25
938,EES 115,Earth Systems,"NWL, NE",Laboratory,5_Spring-25
939,EES 115,Earth Systems,"NWL, NE",Laboratory,0_Fall-22
940,EES 115,Earth Systems,"NWL, NE",Laboratory,1_Spring-23
941,EES 115,Earth Systems,"NWL, NE",Lecture,3_Spring-24
942,EES 115,Earth Systems,"NWL, NE",Laboratory,3_Spring-24
943,EES 115,Earth Systems,"NWL, NE",Lecture,3_Spring-24
944,EES 115,Earth Systems,"NWL, NE",Lecture,1_Spring-23
945,EES 115,Earth Systems,"NWL, NE",Laboratory,4_Fall-24
946,EES 115,Earth Systems,"NWL, NE",Lecture,4_Fall-24
947,EES 115,Earth Systems,"NWL, NE",Lecture,4_Fall-24
948,EES 115,Earth Systems,"NWL, NE",Laboratory,4_Fall-24
981,EES 343,Environmental Systems,NE,Lecture,0_Fall-22
982,EES 343,Environmental Systems,NE,Laboratory,0_Fall-22
983,EES 343,Environmental Systems,NE,Lecture,4_Fall-24
984,EES 343,Environmental Systems,NE,Laboratory,4_Fall-24
991,EES 472,Research and Analysis,WR,Seminar,0_Fall-22
994,ENG 111,Texts and Meaning (British Literature Since 1798),TA,Lecture,1_Spring-23
995,ENG 111,Texts and Meaning (Disorderly Conduct: Law and Literature),TA,Lecture,1_Spring-23
996,ENG 111,Texts and Meaning (Modern Poetry),TA,Lecture,1_Spring-23
997,ENG 111,Texts and Meaning (American Passages),TA,Lecture,0_Fall-22
998,ENG 111,Texts and Meaning (Science Fiction: The Pulp Era to the Present),TA,Lecture,0_Fall-22
999,ENG 111,Texts and Meaning (Science Fiction: The Pulp Era to the Present),TA,Lecture,0_Fall-22
1000,ENG 111,Texts and Meaning (Science Fiction: The Pulp Era to the Present),TA,Lecture,5_Spring-25
1001,ENG 111,Texts and Meaning (Science Fiction: The Pulp Era to the Present),TA,Lecture,5_Spring-25
1002,ENG 111,Texts and Meaning (British Literature Since 1798),TA,Lecture,5_Spring-25
1003,ENG 111,Texts and Meaning (Modern Poetry),TA,Lecture,1_Spring-23
1004,ENG 111,Texts and Meaning (American Passages),TA,Lecture,0_Fall-22
1005,ENG 111,Texts and Meaning (Science Fiction: The Pulp Era to the Present),TA,Lecture,2_Fall-23
1006,ENG 112,Texts and Identities (Talking Back: Modern Drama Interrogates the Classics),"TA, IEJ",Lecture,3_Spring-24
1007,ENG 112,Texts and Identities (Chants Democratic: American Literary Identities),"TA, IEJ",Lecture,4_Fall-24
1008,ENG 112,Texts and Identities (Chants Democratic: American Literary Identities),"TA, IEJ",Lecture,4_Fall-24
1009,ENG 112,Texts and Identities (Talking Back: Modern Drama Interrogates the Classics),"TA, IEJ",Lecture,3_Spring-24
1010,ENG 112,Texts and Identities (Biography and Identity),"TA, IEJ",Lecture,4_Fall-24
1011,ENG 112,Texts and Identities (Biography and Identity),"TA, IEJ",Lecture,5_Spring-25
1012,ENG 112,Texts and Identities (Biography and Identity),"TA, IEJ",Lecture,5_Spring-25
1013,ENG 112,Texts and Identities (Biography and Identity),"TA, IEJ",Lecture,5_Spring-25
1014,ENG 112,Texts and Identity (Biography and Identity),"TA, IEJ",Lecture,4_Fall-24
1015,ENG 152,History of English Language,HB,Lecture,0_Fall-22
1016,ENG 153,English Language: How It Works,HB,Lecture,4_Fall-24
1018,ENG 200,Introduction to Creative Writing,TA,Lecture,3_Spring-24
1019,ENG 200,Introduction to Creative Writing,TA,Lecture,3_Spring-24
1024,ENG 215,Copyediting,TA,Lecture,5_Spring-25
1030,ENG 228,Writing the Novel,TA,Lecture,4_Fall-24
1032,ENG 238,Writing in the Arts,WR,Lecture,4_Fall-24
1033,ENG 241,Medieval Arthurian Literature,TA,Lecture,0_Fall-22
1034,ENG 241,Medieval Arthurian Literature,TA,Lecture,4_Fall-24
1035,ENG 252,Shakespeare,UQ,Lecture,2_Fall-23
1036,ENG 270,Queer Stories,TA,Lecture,0_Fall-22
1038,ENG 293,Literature of the South,TA,Lecture,1_Spring-23
1039,ENG 294,Modern and Contemporary Poetry,TA,Lecture,3_Spring-24
1040,ENG 316,Late 14th Century Literature,TA,Lecture,2_Fall-23
1041,ENG 319,Major Figures in Early Modern British Literature,TA,Lecture,5_Spring-25
1042,ENG 336,British Romantic Literature,"TA, WR",Lecture,5_Spring-25
1043,ENG 336,British Romantic Literature,"TA, WR",Lecture,0_Fall-22
1044,ENG 338,Victorian Novel,TA,Lecture,1_Spring-23
1045,ENG 339,Emerson to Dickinson,UQ,Lecture,4_Fall-24
1046,ENG 344,Gothic Literature,TA,Lecture,4_Fall-24
1047,ENG 348,American Working-Class Literature,TA,Lecture,2_Fall-23
1048,ENG 349,Thinking Sex,"HB, WR",Lecture,2_Fall-23
1049,ENG 350A,American Novel to World War I,TA,Lecture,1_Spring-23
1050,ENG 350B,American Novel Since World War I,"TA, IEJ",Lecture,3_Spring-24
1051,ENG 353,Critical and Cultural Theory,TA,Lecture,3_Spring-24
1052,ENG 353,Critical and Cultural Theory,TA,Lecture,0_Fall-22
1053,ENG 363,Mystery and Detective Fiction,"TA, IEJ, WR",Lecture,3_Spring-24
1054,ENG 364,Drama in London,TA,Lecture,4_Fall-24
1055,ENG 366,Drama at Stratford-upon-Avon,VP,Lecture,0_Fall-22
1056,ENG 366,Drama at Stratford-upon-Avon,VP,Lecture,4_Fall-24
1057,ENG 393,Literary Feminisms,"TA, IEJ, WR",Lecture,3_Spring-24
1061,ENG 475,Senior Seminar in English,WR,Seminar,0_Fall-22
1062,ENG 475,Senior Seminar in English,WR,Seminar,1_Spring-23
1063,ENG 476,Senior Seminar in Writing,WR,Seminar,0_Fall-22
1064,ENG 476,Senior Seminar in Writing,WR,Seminar,4_Fall-24
1065,ENG 476,Senior Seminar in Writing,WR,Seminar,4_Fall-24
1069,EST 301,Environment and Society,NE,Lecture,3_Spring-24
1070,EST 301,Environment and Society,NE,Laboratory,3_Spring-24
1071,EST 301,Environment and Society,NE,Lecture,5_Spring-25
1072,EST 301,Environment and Society,NE,Laboratory,5_Spring-25
1081,FRN 201,Intermediate French I,FL,Lecture,3_Spring-24
1082,FRN 201,Intermediate French I,FL,Lecture,0_Fall-22
1085,FRN 214,French Conversation,FL,Lecture,1_Spring-23
1086,FRN 214,French Conversation,FL,Lecture,3_Spring-24
1087,FRN 215,French Composition,FL,Lecture,4_Fall-24
1088,FRN 307,French for the Business World,FL,Lecture,4_Fall-24
1091,FRN 325,French Architecture in Context,VP,Lecture,0_Fall-22
1092,FRN 332,French Literature and Civilization II: Classicism and Enlightenment,TA,Lecture,5_Spring-25
1093,FRN 332,French Literature and Civilization II: Classicism and Enlightenment,TA,Lecture,5_Spring-25
1094,FRN 333,French Literature and Civilization III: Nineteenth and Twentieth Centuries,TA,Lecture,0_Fall-22
1095,FRN 334,Visions of the Cosmos,UQ,Lecture,3_Spring-24
1096,FRN 411,French Literature of the Enlightenment,"TA, WR",Lecture,3_Spring-24
1097,FRN 430,Studies in French Literature,"TA, WR",Lecture,5_Spring-25
1098,FRN 435,Literatures in French: Writing Across Worlds,"TA, WC, WR",Lecture,1_Spring-23
1100,FST 202,Introduction to Reading Film,TA,Lecture,2_Fall-23
1101,FST 202,Introduction to Reading Film,VP,Discussion,3_Spring-24
1102,FST 202,Introduction to Reading Film,TA,Discussion,2_Fall-23
1103,FST 202,Introduction to Reading Film,VP,Lecture,3_Spring-24
1104,FST 202,Introduction to Reading Film (GER: VP),VP,Lecture,0_Fall-22
1105,FST 202,Introduction to Reading Film,VP,Discussion,5_Spring-25
1106,FST 202,Introduction to Reading Film,VP,Lecture,5_Spring-25
1107,FST 365,Great Film Directors,VP,Lecture,0_Fall-22
1108,FST 365,Film Directors and Movements,VP,Lecture,3_Spring-24
1109,FYW 1110,Global Water Issues,FYW,Seminar,4_Fall-24
1110,FYW 1111,Haunted Mansions,FYW,Seminar,1_Spring-23
1111,FYW 1111,Haunted Mansions,FYW,Seminar,3_Spring-24
1112,FYW 1112,History of Liberal Arts,FYW,Seminar,3_Spring-24
1113,FYW 1116,Language  Argument and Culture,FYW,Seminar,2_Fall-23
1114,FYW 1126,The Ethics of Sex,FYW,Seminar,0_Fall-22
1115,FYW 1127,To Walk the Land,FYW,Seminar,2_Fall-23
1116,FYW 1128,Turing: Thinking Machines  Codes and Other Enigmas,FYW,Seminar,3_Spring-24
1117,FYW 1133,Can We Make Sense of the 60s?,FYW,Seminar,1_Spring-23
1118,FYW 1137,Freedom or Oppression: Human Rights in Asia,FYW,Seminar,2_Fall-23
1119,FYW 1140,History of Detective Fiction,FYW,Seminar,0_Fall-22
1120,FYW 1141,Homer and History,FYW,Seminar,0_Fall-22
1121,FYW 1148,Southern Women: Black & White,FYW,Seminar,3_Spring-24
1122,FYW 1151,American Dream Ideal and Reality,FYW,Seminar,0_Fall-22
1123,FYW 1154,The Wealth of Nations: the Life  Ideas  and influence of Adam Smith,FYW,Seminar,1_Spring-23
1124,FYW 1154,The Wealth of Nations: the Life  Ideas  and influence of Adam Smith,FYW,Seminar,1_Spring-23
1125,FYW 1156,Who Speaks Bad English? Language and Ideology,FYW,Seminar,2_Fall-23
1128,FYW 1167,American Disaster Literature,FYW,Seminar,2_Fall-23
1129,FYW 1167,American Disaster Literature,FYW,Seminar,0_Fall-22
1130,FYW 1168,The First World War,FYW,Seminar,4_Fall-24
1131,FYW 1172,Dueling Perspectives: The United States In Latin America,FYW,Seminar,0_Fall-22
1132,FYW 1178,Academic Autobiography,FYW,Seminar,2_Fall-23
1133,FYW 1178,Academic Autobiography,FYW,Seminar,1_Spring-23
1134,FYW 1179,Our Technological Heritage,FYW,Seminar,0_Fall-22
1137,FYW 1189,Social History of Technology,FYW,Seminar,0_Fall-22
1138,FYW 1191,Neil Gaiman and the Mythology of Life and Death,FYW,Seminar,1_Spring-23
1139,FYW 1193,Reading Flannery O'Connor,FYW,Seminar,1_Spring-23
1140,FYW 1195,Psychic Disorder and the Social Order,FYW,Seminar,0_Fall-22
1141,FYW 1195,Psychic Disorder and the Social Order,FYW,Seminar,4_Fall-24
1142,FYW 1195,Psychic Disorder and the Social Order,FYW,Seminar,4_Fall-24
1143,FYW 1195,Psychic Disorder and the Social Order,FYW,Seminar,0_Fall-22
1144,FYW 1195,Psychic Disorder and the Social Order,FYW,Seminar,2_Fall-23
1145,FYW 1202,Medieval Forests in Literature and Law,FYW,Seminar,3_Spring-24
1146,FYW 1202,Medieval Forests in Literature and Law,FYW,Seminar,3_Spring-24
1147,FYW 1206,Spain in the U.S. Imagination,FYW,Seminar,5_Spring-25
1148,FYW 1211,Chocolate,FYW,Seminar,2_Fall-23
1149,FYW 1221,God and Justice,FYW,Seminar,4_Fall-24
1150,FYW 1227,Quest for Meanings and Values through Theater,FYW,Seminar,0_Fall-22
1151,FYW 1232,Inferno: Tales of Hell and Justice,FYW,Seminar,4_Fall-24
1152,FYW 1234,Bird by Bird: Interactions in Nature and Society,FYW,Seminar,5_Spring-25
1153,FYW 1239,Pseudoscience and Skepticism,FYW,Seminar,0_Fall-22
1154,FYW 1242,World of the Founding Fathers,FYW,Seminar,0_Fall-22
1155,FYW 1244,Learning Politics Through Battlestar Galactica,FYW,Seminar,2_Fall-23
1156,FYW 1244,Learning Politics Through Battlestar Galactica,FYW,Seminar,3_Spring-24
1157,FYW 1245,The Parables of Jesus,FYW,Seminar,2_Fall-23
1158,FYW 1246,Japanese Religion in Everyday Life,FYW,Seminar,0_Fall-22
1159,FYW 1254,Winning the White House,FYW,Seminar,4_Fall-24
1160,FYW 1259,Reconsidering James Baldwin in an Era of #BlackLivesMatter,FYW,Seminar,2_Fall-23
1161,FYW 1260,Tudor-Stuart Texts,FYW,Seminar,4_Fall-24
1162,FYW 1263,Representations of Prison in Print and Film,FYW,Seminar,3_Spring-24
1163,FYW 1263,Representations of Prison in Print and Film,FYW,Seminar,3_Spring-24
1164,FYW 1264,Can Humans Fly? The Scientific History and Future of Human Flight,FYW,Seminar,4_Fall-24
1165,FYW 1266,Inside the White Cube: Exhibition Practice and History,FYW,Seminar,5_Spring-25
1166,FYW 1267,Fairy Tales and Childhood,FYW,Seminar,2_Fall-23
1167,FYW 1268,France. Friend or Frenemy?,FYW,Seminar,1_Spring-23
1168,FYW 1271,Engage the News,FYW,Seminar,0_Fall-22
1169,FYW 1271,Engage the News,FYW,Seminar,0_Fall-22
1170,FYW 1272,Biodiversity: The Other Earthlings,FYW,Seminar,5_Spring-25
1171,FYW 1274,Management Literacy,FYW,Seminar,4_Fall-24
1172,FYW 1280,A Funny Business: Humor and Politics,FYW,Seminar,4_Fall-24
1173,FYW 1282,This is Your Brain on Drugs,FYW,Seminar,3_Spring-24
1174,FYW 1282,This is Your Brain on Drugs,FYW,Seminar,0_Fall-22
1175,FYW 1286,Spanish in the United States,FYW,Seminar,3_Spring-24
1176,FYW 1289,Conflict and Its Transformation,FYW,Seminar,2_Fall-23
1177,FYW 1289,Conflict and Its Transformation,FYW,Seminar,0_Fall-22
1178,FYW 1292,Chemistry  Discovery  and the Nobel Prize,FYW,Seminar,3_Spring-24
1179,FYW 1294,America through Baseball,FYW,Seminar,4_Fall-24
1180,FYW 1294,America through Baseball,FYW,Seminar,4_Fall-24
1181,FYW 1299,Samurai: Real and Imagined History,FYW,Seminar,0_Fall-22
1182,FYW 1300,Politics and the Good Life,FYW,Seminar,0_Fall-22
1183,FYW 1300,Politics and the Good Life,FYW,Seminar,2_Fall-23
1184,FYW 1303,"Ethical, Social, and Political Issues in Star Wars",FYW,Seminar,3_Spring-24
1185,FYW 1303,Ethical  Social  and Political Issues in Star Wars,FYW,Seminar,1_Spring-23
1186,FYW 1306,Food and Identity in Latin America,FYW,Seminar,0_Fall-22
1187,FYW 1309,Artificial Intelligence in Media and Pop Culture,FYW,Seminar,1_Spring-23
1188,FYW 1310,Sustainable Furman,FYW,Seminar,1_Spring-23
1189,FYW 1311,Game On! Tabletop Play and Contemporary Culture,FYW,Seminar,5_Spring-25
1190,FYW 1311,Game On! Tabletop Play and Contemporary Culture,FYW,Seminar,5_Spring-25
1191,FYW 1312,Technofeminism,FYW,Seminar,5_Spring-25
1192,FYW 1313,Four by Sondheim,FYW,Lecture,3_Spring-24
1193,FYW 1315,Social Media and Body Image,FYW,Lecture,3_Spring-24
1194,FYW 1316,"Evolutionary Anthropology: Facts, Fantasy, Frauds",FYW,Lecture,3_Spring-24
1195,FYW 1317,Muslim Feminisms,FYW,Seminar,2_Fall-23
1196,FYW 1318,Grassroots Movements,FYW,Seminar,2_Fall-23
1197,FYW 1319,Music and the Mysteries of the Universe,FYW,Seminar,4_Fall-24
1198,FYW 1320,"Leaders, Leadership, and Writing",FYW,Lecture,3_Spring-24
1199,FYW 1320,"Leaders, Leadership, and Writing",FYW,Lecture,3_Spring-24
1200,FYW 1321,African American Agency in the Civil War era,FYW,Seminar,3_Spring-24
1201,FYW 1322,From Frankenstein to WandaVision,FYW,Seminar,3_Spring-24
1202,FYW 1322,From Frankenstein to WandaVision,FYW,Seminar,5_Spring-25
1203,FYW 1323,What is a Cult?,FYW,Lecture,5_Spring-25
1204,FYW 1324,Ghosts of Greenville,FYW,Lecture,4_Fall-24
1205,FYW 1324,Ghosts of Greenville,FYW,Lecture,4_Fall-24
1206,FYW 1325,Hispanic Masculinities,FYW,Lecture,4_Fall-24
1207,FYW 1326,Cultural Narratives in Reality TV,FYW,Lecture,5_Spring-25
1208,FYW 1327,Health Headlines,FYW,Lecture,5_Spring-25
1209,FYW 1328,Men & Masculinities,FYW,Lecture,5_Spring-25
1210,FYW 1330,The Impact of the College Environment on Health,FYW,Lecture,5_Spring-25
1211,GGY 230,Principles of Geography,NE,Lecture,0_Fall-22
1214,GRK 201,Intermediate Greek,FL,Lecture,2_Fall-23
1215,GRK 305,Ancient Greek: Analytical Approaches (Homeric Hymn to Demeter),TA,Lecture,3_Spring-24
1216,GRK 315,Ancient Greek: Translation & Research Methods (Topic to be Determined),WR,Lecture,5_Spring-25
1217,GRK 315,Ancient Greek: Translation & Research Methods,WR,Lecture,0_Fall-22
1218,GRK 325,Ancient Greek: Intensive Readings (Aeschylusâ€™s Suppliants),TA,Lecture,4_Fall-24
1219,GRK 325,"Ancient Greek: Intensive Readings (Euripides, Bacchae)",TA,Lecture,1_Spring-23
1228,GRM 201,Intermediate German I,FL,Lecture,4_Fall-24
1229,GRM 201,Intermediate German I,FL,Lecture,4_Fall-24
1230,GRM 201,Intermediate German I,FL,Lecture,2_Fall-23
1233,GRM 215,Composition and Conversation,FL,Lecture,3_Spring-24
1234,GRM 220,German Civilization,FL,Lecture,4_Fall-24
1235,GRM 220,German Civilization,FL,Lecture,2_Fall-23
1236,GRM 240,Introduction to German Comics and Graphic Novels,FL,Lecture,5_Spring-25
1238,GRM 333,Modernity and Crisis: German Culture 1900-1945,TA,Lecture,4_Fall-24
1239,GRM 336,German Fairy Tale,TA,Lecture,2_Fall-23
1240,GRM 337,German Theater,VP,Lecture,1_Spring-23
1241,GRM 338,History of German Cinema,VP,Lecture,0_Fall-22
1242,GRM 430,Readings in German Language (German Theater in Berlin),TA,Lecture,1_Spring-23
1243,GRM 430,Readings in German Language (Topic to be determined),TA,Lecture,3_Spring-24
1247,HSC 101,Wellness Concepts,MB,Laboratory,4_Fall-24
1248,HSC 101,Wellness Concepts,MB,Laboratory,4_Fall-24
1249,HSC 101,Wellness Concepts,MB,Lecture,4_Fall-24
1250,HSC 101,Wellness Concepts,MB,Laboratory,4_Fall-24
1251,HSC 101,Wellness Concepts,MB,Lecture,5_Spring-25
1252,HSC 101,Wellness Concepts,MB,Laboratory,5_Spring-25
1253,HSC 101,Wellness Concepts,MB,Lecture,5_Spring-25
1254,HSC 101,Wellness Concepts,MB,Laboratory,5_Spring-25
1255,HSC 101,Wellness Concepts,MB,Laboratory,4_Fall-24
1256,HSC 101,Wellness Concepts,MB,Lecture,4_Fall-24
1257,HSC 101,Wellness Concepts,MB,Laboratory,4_Fall-24
1258,HSC 101,Wellness Concepts,MB,Laboratory,4_Fall-24
1259,HSC 101,Wellness Concepts,MB,Lecture,4_Fall-24
1260,HSC 101,Wellness Concepts,MB,Lecture,4_Fall-24
1261,HSC 101,Wellness Concepts,MB,Laboratory,4_Fall-24
1262,HSC 101,Wellness Concepts,MB,Lecture,4_Fall-24
1263,HSC 101,Wellness Concepts,MB,Laboratory,4_Fall-24
1264,HSC 101,Wellness Concepts,MB,Lecture,4_Fall-24
1265,HSC 101,Wellness Concepts,MB,Lecture,4_Fall-24
1266,HSC 101,Wellness Concepts,MB,Lecture,4_Fall-24
1267,HSC 101,Wellness Concepts,MB,Laboratory,4_Fall-24
1268,HSC 101,Wellness Concepts,MB,Laboratory,4_Fall-24
1269,HSC 101,Wellness Concepts,MB,Lecture,5_Spring-25
1270,HSC 101,Wellness Concepts,MB,Lecture,0_Fall-22
1271,HSC 102,Mindfulness for Stress Reduction and Wellness,MB,Laboratory,5_Spring-25
1272,HSC 102,Mindfulness for Stress Reduction and Wellness,MB,Laboratory,3_Spring-24
1273,HSC 102,Mindfulness for Stress Reduction and Wellness,MB,Lecture,0_Fall-22
1274,HSC 102,Mindfulness for Stress Reduction and Wellness,MB,Lecture,5_Spring-25
1275,HSC 201,Research and Evaluation in Health Sciences,HB,Laboratory,4_Fall-24
1276,HSC 201,Research and Evaluation in Health Sciences,HB,Lecture,3_Spring-24
1277,HSC 201,Research and Evaluation in Health Sciences,HB,Laboratory,3_Spring-24
1278,HSC 201,Research and Evaluation in Health Sciences,HB,Lecture,4_Fall-24
1279,HSC 201,Research and Evaluation in Health Sciences,HB,Lecture,0_Fall-22
1280,HSC 201,Research and Evaluation in Health Sciences,HB,Laboratory,0_Fall-22
1296,HSC 221,Motor Development,HB,Laboratory,0_Fall-22
1297,HSC 221,Motor Development,HB,Lecture,0_Fall-22
1304,HSC 304,Environmental Health,NE,Lecture,2_Fall-23
1305,HSC 305,Global Public Health (Survey in Global Public Health),"WC, WR",Lecture,2_Fall-23
1306,HSC 305,Global Public Health (Survey in Global Public Health),"WC, WR",Lecture,5_Spring-25
1307,HSC 305,Global Public Health (Survey in Global Public Health),"WC, WR",Lecture,1_Spring-23
1308,HSC 305,Global Public Health (Survey in Global Public Health),"WC, WR",Lecture,1_Spring-23
1311,HSC 308,Exercise Epidemiology,WR,Lecture,5_Spring-25
1312,HSC 308,Exercise Epidemiology,WR,Lecture,2_Fall-23
1313,HSC 311,Physiology of Exercise,NWL,Laboratory,4_Fall-24
1314,HSC 311,Physiology of Exercise,NWL,Laboratory,1_Spring-23
1315,HSC 311,Physiology of Exercise,NWL,Lecture,4_Fall-24
1316,HSC 311,Physiology of Exercise,NWL,Lecture,1_Spring-23
1317,HSC 311,Physiology of Exercise,NWL,Lecture,0_Fall-22
1318,HSC 311,Physiology of Exercise,NWL,Laboratory,0_Fall-22
1319,HSC 311,Physiology of Exercise,NWL,Lecture,2_Fall-23
1320,HSC 311,Physiology of Exercise,NWL,Lecture,2_Fall-23
1321,HSC 311,Physiology of Exercise,NWL,Laboratory,2_Fall-23
1322,HSC 311,Physiology of Exercise,NWL,Laboratory,2_Fall-23
1328,HSC 323,Kinesiology,NWL,Laboratory,1_Spring-23
1329,HSC 323,Kinesiology,NWL,Lecture,3_Spring-24
1330,HSC 323,Kinesiology,NWL,Laboratory,3_Spring-24
1331,HSC 323,Kinesiology,NWL,Laboratory,3_Spring-24
1332,HSC 323,Kinesiology,NWL,Lecture,4_Fall-24
1333,HSC 323,Kinesiology,NWL,Laboratory,4_Fall-24
1334,HSC 323,Kinesiology,NWL,Lecture,1_Spring-23
1335,HSC 323,Kinesiology,NWL,Laboratory,1_Spring-23
1336,HSC 323,Kinesiology,NWL,Lecture,1_Spring-23
1353,HSC 451,Biomechanics,WR,Lecture,2_Fall-23
1354,HSC 451,Biomechanics,WR,Lecture,0_Fall-22
1371,HST 102,Europe in the Medieval World,HA,Lecture,2_Fall-23
1372,HST 104,Europe in the Modern World,HA,Lecture,0_Fall-22
1373,HST 104,Europe in the Modern World,HA,Lecture,4_Fall-24
1374,HST 104,Europe in the Modern World,HA,Lecture,1_Spring-23
1375,HST 104,Europe in the Modern World,HA,Lecture,2_Fall-23
1376,HST 111,Passages in the Ancient and Medieval World,HA,Lecture,2_Fall-23
1377,HST 111,Passages in the Ancient and Medieval World,"HA, WC",Lecture,5_Spring-25
1378,HST 111,Passages in the Ancient and Medieval World,HA,Lecture,2_Fall-23
1379,HST 112,Passages in the Early Modern World,"HA, IEJ, WC",Lecture,5_Spring-25
1380,HST 112,Passages in the Early Modern World,"HA, IEJ, WC",Lecture,5_Spring-25
1381,HST 112,Passages in the Early Modern World,HA,Lecture,1_Spring-23
1382,HST 112,Passages in the Early Modern World,"HA, IEJ",Lecture,3_Spring-24
1383,HST 112,Passages in the Early Modern World,"HA, IEJ, WC",Lecture,4_Fall-24
1384,HST 113,Passages in the Modern World,"HA, WC",Lecture,4_Fall-24
1385,HST 113,Passages in the Modern World,HA,Lecture,0_Fall-22
1386,HST 121,North America and the World to 1877,HA,Lecture,2_Fall-23
1387,HST 121,Early North America to 1877,HA,Lecture,1_Spring-23
1388,HST 121,North America and the World to 1877,HA,Lecture,4_Fall-24
1389,HST 122,United States and the World since 1877,HA,Lecture,0_Fall-22
1390,HST 122,United States and the World since 1877,HA,Lecture,4_Fall-24
1391,HST 122,United States and the World since 1877,HA,Lecture,1_Spring-23
1392,HST 124,War  Military and Society in American History,HA,Lecture,5_Spring-25
1393,HST 124,War  Military and Society in American History,HA,Lecture,2_Fall-23
1394,HST 141,Latin America in the Early Modern World,"HA, WC",Lecture,3_Spring-24
1395,HST 141,Latin America in the Early Modern World,"HA, WC",Lecture,5_Spring-25
1396,HST 152,Middle East in the Early Modern World,"HA, WC",Lecture,0_Fall-22
1397,HST 152,Middle East in the Early Modern World,"HA, WC",Lecture,2_Fall-23
1398,HST 153_,Middle East in the Modern World,"HA, WC",Lecture,3_Spring-24
1399,HST 153_,Middle East in the Modern World,"HA, WC",Lecture,3_Spring-24
1400,HST 156,India in the Modern World,"HA, WC",Lecture,0_Fall-22
1401,HST 156,India in the Modern World,"HA, WC",Lecture,0_Fall-22
1402,HST 161,Japan in the Ancient and Early Modern World,"HA, WC",Lecture,0_Fall-22
1403,HST 162,Japan in the Modern World,"HA, WC",Lecture,1_Spring-23
1404,HST 162,Japan in the Modern World,"HA, WC",Lecture,1_Spring-23
1405,HST 166,China in the Modern World,"HA, WC",Lecture,3_Spring-24
1411,HST 211,Twentieth Century Germany,WR,Lecture,0_Fall-22
1413,HST 221,The American Revolution,WR,Lecture,1_Spring-23
1423,HST 254,Gender and Sexuality in the Middle East,IEJ,Lecture,4_Fall-24
1440,HST 330,The Frontier and the American West,WR,Lecture,1_Spring-23
1442,HST 359,Travel Study in the United Kingdom and Ireland,"HA, WC",Lecture,1_Spring-23
1454,HUM 101,Studies in Humanities I,UQ,Lecture,0_Fall-22
1455,HUM 102,Studies in Humanities II,"TA, IEJ, WC",Lecture,1_Spring-23
1483,JPN 201,Intermediate Japanese I,FL,Lecture,2_Fall-23
1484,JPN 201,Intermediate Japanese I,FL,Lecture,0_Fall-22
1485,JPN 202,Intermediate Japanese II,FL,Lecture,1_Spring-23
1486,JPN 202,Intermediate Japanese II,FL,Lecture,5_Spring-25
1497,LNG 210,General Linguistics,HB,Lecture,4_Fall-24
1498,LNG 210,General Linguistics,HB,Lecture,3_Spring-24
1499,LNG 220,Linguistic Analysis,"HB, WR",Lecture,2_Fall-23
1503,LNG 260,The Bilingual Mind,"HB, WR",Lecture,5_Spring-25
1512,LTN 201,Intermediate Latin I,FL,Lecture,0_Fall-22
1513,LTN 305,Latin: Analytical Approaches (Apuleius),TA,Lecture,2_Fall-23
1514,LTN 305,Latin: Analytical Approaches (Manilius),TA,Lecture,5_Spring-25
1515,LTN 315,Latin: Translation & Research Methods (Juvenal's Satires),WR,Lecture,3_Spring-24
1516,LTN 315,"Latin: Translation & Research Methods (Seneca, De Brevitate Vitae)",WR,Lecture,0_Fall-22
1517,LTN 325,Latin: Intensive Readings (Martial and Statius),"FL, TA",Lecture,4_Fall-24
1518,LTN 325,Latin: Intensive Readings (Horace and Propertius),TA,Lecture,1_Spring-23
1521,MLL 210,German Language Islands,HB,Lecture,3_Spring-24
1522,MLL 236,Nazi Cinema and Culture,VP,Discussion,3_Spring-24
1523,MLL 236,Nazi Cinema and Culture,VP,Lecture,1_Spring-23
1524,MLL 360,Latin America Through Film,"VP, WC",Discussion,5_Spring-25
1525,MLL 360,Latin America Through Film,"VP, WC",Lecture,2_Fall-23
1526,MLL 360,Latin America Through Film,"VP, WC",Discussion,2_Fall-23
1568,MTH 110,Finite Mathematics,MR,Lecture,4_Fall-24
1569,MTH 115,Ideas in Mathematics,MR,Lecture,2_Fall-23
1570,MTH 115,Ideas in Mathematics,MR,Lecture,4_Fall-24
1571,MTH 116,Introduction to Cryptology,MR,Lecture,0_Fall-22
1572,MTH 120,Introduction to Statistics,MR,Lecture,3_Spring-24
1573,MTH 120,Introduction to Statistics,MR,Lecture,3_Spring-24
1574,MTH 120,Introduction to Statistics,MR,Lecture,0_Fall-22
1575,MTH 120,Introduction to Statistics,MR,Lecture,0_Fall-22
1576,MTH 120,Introduction to Statistics,MR,Lecture,0_Fall-22
1577,MTH 120,Introduction to Statistics,MR,Lecture,0_Fall-22
1578,MTH 120,Introduction to Statistics,MR,Lecture,0_Fall-22
1579,MTH 120,Introduction to Statistics,MR,Lecture,3_Spring-24
1580,MTH 120,Introduction to Statistics,MR,Lecture,3_Spring-24
1581,MTH 145,Calculus for Management  Life and Social Sciences,MR,Lecture,2_Fall-23
1582,MTH 145,Calculus for Management  Life and Social Sciences,MR,Lecture,3_Spring-24
1583,MTH 145,Calculus for Management  Life and Social Sciences,MR,Lecture,0_Fall-22
1584,MTH 145,Calculus for Management  Life and Social Sciences,MR,Lecture,0_Fall-22
1585,MTH 145,Calculus for Management  Life and Social Sciences,MR,Lecture,4_Fall-24
1586,MTH 150,Analytic Geometry and Calculus I,MR,Lecture,1_Spring-23
1587,MTH 150,Analytic Geometry and Calculus I,MR,Lecture,5_Spring-25
1588,MTH 150,Analytic Geometry and Calculus I,MR,Lecture,5_Spring-25
1589,MTH 150,Analytic Geometry and Calculus I,MR,Lecture,0_Fall-22
1592,MTH 151,Analytic Geometry and Calculus II,MR,Lecture,3_Spring-24
1594,MTH 151,Analytic Geometry and Calculus II,MR,Lecture,3_Spring-24
1597,MTH 245,Statistical Methods I with R,MR,Lecture,5_Spring-25
1598,MTH 245,Statistics and Data Analysis in R,MR,Lecture,1_Spring-23
1599,MTH 245,Statistics and Data Analysis in R,MR,Lecture,1_Spring-23
1600,MTH 245,Statistical Methods I with R,MR,Lecture,5_Spring-25
1601,MTH 245,Statistical Methods I with R,MR,Lecture,4_Fall-24
1604,MTH 260,Transition to Higher Mathematics,WR,Lecture,2_Fall-23
1649,MUS 101,Introduction to Music,VP,Lecture,1_Spring-23
1650,MUS 101,Introduction to Music,VP,Lecture,2_Fall-23
1651,MUS 101,Introduction to Music,VP,Lecture,0_Fall-22
1652,MUS 102,Introduction to Jazz,VP,Lecture,5_Spring-25
1653,MUS 103,Introduction to American Folk and Country Music,VP,Lecture,3_Spring-24
1706,MUS 220,World Music,WC,Lecture,1_Spring-23
1707,MUS 220,World Music,"IEJ, WC",Lecture,5_Spring-25
1714,MUS 320,Music History II,"HA, WR",Lecture,0_Fall-22
1715,MUS 320,Music History II,"HA, WR",Lecture,4_Fall-24
2027,PHL 101,Introduction to Philosophy,UQ,Lecture,5_Spring-25
2028,PHL 101,Introduction to Philosophy,UQ,Lecture,5_Spring-25
2029,PHL 101,Introduction to Philosophy,UQ,Lecture,5_Spring-25
2030,PHL 101,Introduction to Philosophy,UQ,Lecture,5_Spring-25
2031,PHL 101,Introduction to Philosophy,UQ,Lecture,5_Spring-25
2032,PHL 101,Introduction to Philosophy,UQ,Lecture,5_Spring-25
2033,PHL 101,Introduction to Philosophy,UQ,Lecture,5_Spring-25
2034,PHL 101,Introduction to Philosophy,UQ,Lecture,5_Spring-25
2036,PHL 208,Ethics,TA,Lecture,1_Spring-23
2037,PHL 208,Ethics,TA,Lecture,3_Spring-24
2038,PHL 210,Ancient Philosophy,TA,Lecture,4_Fall-24
2039,PHL 211,Modern Philosophy,TA,Lecture,5_Spring-25
2040,PHL 211,Modern Philosophy,TA,Lecture,3_Spring-24
2043,PHL 217,Philosophy of Horror,TA,Lecture,0_Fall-22
2044,PHL 217,Philosophy of Horror,TA,Lecture,4_Fall-24
2045,PHL 220,Realizing Bodymind,"MB, WC",Lecture,0_Fall-22
2046,PHL 230,Indian Philosophy,WC,Lecture,1_Spring-23
2047,PHL 240,Chinese Philosophy,WC,Lecture,1_Spring-23
2048,PHL 245,Environmental Ethics,NE,Lecture,3_Spring-24
2049,PHL 250,Japanese Philosophy,WC,Lecture,2_Fall-23
2050,PHL 260,Latin American Philosophy,WC,Lecture,0_Fall-22
2051,PHL 266,God  Death  and the Meaning of Life,TA,Lecture,2_Fall-23
2052,PHL 270,Africana Philosophies,WC,Lecture,5_Spring-25
2053,PHL 275,Aesthetics,TA,Lecture,4_Fall-24
2054,PHL 276,Philosophy of Food,TA,Laboratory,4_Fall-24
2055,PHL 276,Philosophy of Food,TA,Lecture,4_Fall-24
2056,PHL 276,Philosophy of Food,TA,Laboratory,2_Fall-23
2057,PHL 276,Philosophy of Food,TA,Lecture,0_Fall-22
2058,PHL 302,Clinical Medical Ethics,UQ,Lecture,2_Fall-23
2059,PHL 304,Ethics of Globalization,NE,Lecture,3_Spring-24
2061,PHL 310,Social and Political Philosophy,TA,Lecture,5_Spring-25
2062,PHL 315,Nineteenth Century Philosophy,TA,Lecture,4_Fall-24
2063,PHL 317,Twentieth Century Philosophy,TA,Lecture,5_Spring-25
2064,PHL 318,Philosophy of Law,WR,Lecture,4_Fall-24
2065,PHL 320,Critical Philosophy of Race,TA,Lecture,1_Spring-23
2067,PHL 333,Philosophy of Taste,WR,Lecture,3_Spring-24
2088,PHY 101,Physics for Non-Science Majors,NW,Lecture,0_Fall-22
2089,PHY 105,Descriptive Astronomy,NWL,Lecture,4_Fall-24
2090,PHY 105,Descriptive Astronomy,NWL,Laboratory,0_Fall-22
2091,PHY 105,Descriptive Astronomy,NWL,Lecture,0_Fall-22
2092,PHY 105,Descriptive Astronomy,NWL,Laboratory,4_Fall-24
2093,PHY 111,General Physics I,NWL,Laboratory,3_Spring-24
2094,PHY 111,General Physics I,NWL,Laboratory,0_Fall-22
2095,PHY 111,General Physics I,NWL,Lecture,0_Fall-22
2096,PHY 111,General Physics I,NWL,Lecture,0_Fall-22
2097,PHY 111,General Physics I,NWL,Lecture,3_Spring-24
2098,PHY 111,General Physics I,NWL,Laboratory,3_Spring-24
2099,PHY 111,General Physics I,NWL,Laboratory,3_Spring-24
2100,PHY 111,General Physics I,NWL,Laboratory,2_Fall-23
2101,PHY 111,General Physics I,NWL,Lecture,0_Fall-22
2102,PHY 112,General Physics II,NWL,Lecture,4_Fall-24
2103,PHY 112,General Physics II,NWL,Laboratory,1_Spring-23
2104,PHY 112,General Physics II,NWL,Laboratory,1_Spring-23
2105,PHY 112,General Physics II,NWL,Lecture,1_Spring-23
2106,PHY 112,General Physics II,NWL,Laboratory,1_Spring-23
2107,PHY 112,General Physics II,NWL,Lecture,1_Spring-23
2108,PHY 112,General Physics II,NWL,Laboratory,1_Spring-23
2109,PHY 112,General Physics II,NWL,Laboratory,3_Spring-24
2123,PHY 451,Astrophysics,WR,Lecture,1_Spring-23
2128,POL 101,Introduction to American Government,HB,Lecture,4_Fall-24
2129,POL 101,Introduction to American Government,HB,Lecture,0_Fall-22
2130,POL 101,Introduction to American Government,HB,Lecture,4_Fall-24
2131,POL 101,Introduction to American Government,HB,Lecture,3_Spring-24
2132,POL 102,Introduction to World Politics,HB,Lecture,5_Spring-25
2133,POL 102,Introduction to World Politics,HB,Lecture,2_Fall-23
2134,POL 102,Introduction to World Politics,HB,Lecture,5_Spring-25
2135,POL 102,Introduction to World Politics,HB,Lecture,5_Spring-25
2136,POL 103,Introduction to Political Thought,UQ,Lecture,1_Spring-23
2137,POL 103,Introduction to Political Thought,UQ,Lecture,1_Spring-23
2138,POL 103,Introduction to Political Thought,UQ,Lecture,4_Fall-24
2139,POL 103,Introduction to Political Thought,UQ,Lecture,4_Fall-24
2140,POL 103,Introduction to Political Thought,UQ,Lecture,4_Fall-24
2141,POL 103,Introduction to Political Thought,UQ,Lecture,4_Fall-24
2142,POL 103,Introduction to Political Thought,UQ,Lecture,3_Spring-24
2143,POL 150,Introduction to Political Analysis,"HB, WR",Lecture,2_Fall-23
2144,POL 150,Introduction to Political Analysis,"HB, WR",Discussion,2_Fall-23
2145,POL 150,Introduction to Political Analysis,"HB, WR",Lecture,2_Fall-23
2146,POL 150,Introduction to Political Analysis,"HB, WR",Discussion,5_Spring-25
2147,POL 150,Introduction to Political Analysis,"HB, WR",Lecture,1_Spring-23
2148,POL 150,Introduction to Political Analysis,"HB, WR",Discussion,0_Fall-22
2149,POL 150,Introduction to Political Analysis,"HB, WR",Lecture,0_Fall-22
2150,POL 150,Introduction to Political Analysis,"HB, WR",Lecture,1_Spring-23
2151,POL 150,Introduction to Political Analysis,"HB, WR",Discussion,3_Spring-24
2152,POL 150,Introduction to Political Analysis,"HB, WR",Lecture,3_Spring-24
2153,POL 200,Native American Politics,IEJ,Lecture,5_Spring-25
2154,POL 203,Judicial Processes and United States Supreme Court,TA,Lecture,2_Fall-23
2155,POL 204,Civil Rights and the United States Constitution,TA,Lecture,3_Spring-24
2160,POL 212,Women and Politics,IEJ,Lecture,4_Fall-24
2162,POL 214,Environmental Law,NE,Lecture,1_Spring-23
2164,POL 217,Pursuing Justice: the Fight to Kill Jim Crow,IEJ,Seminar,2_Fall-23
2166,POL 220,Political Psychology,UQ,Lecture,3_Spring-24
2168,POL 222,Politics of Russia,WC,Lecture,3_Spring-24
2169,POL 223,Politics of Developing Nations,WC,Lecture,2_Fall-23
2170,POL 224,Politics of Africa,WC,Lecture,5_Spring-25
2171,POL 225,Politics of the Middle East,WC,Lecture,4_Fall-24
2172,POL 226,Politics of China,"HB, WC",Lecture,2_Fall-23
2173,POL 226,Politics of China,"HB, WC",Lecture,0_Fall-22
2175,POL 229,Politics of Asia,WC,Lecture,3_Spring-24
2177,POL 231,Democratization in the Mediterranean,HB,Lecture,1_Spring-23
2178,POL 232,Islam and Politics,WC,Lecture,3_Spring-24
2184,POL 254,Foreign Policy Analysis,HB,Lecture,4_Fall-24
2187,POL 259,The Arab-Israeli Conflict,"IEJ, WC",Lecture,5_Spring-25
2188,POL 273,American Political Thought,TA,Lecture,4_Fall-24
2201,POL 375,Issues in Political Thought (The Revolutionary Spirit and the Human Future),TA,Lecture,1_Spring-23
2202,POL 375,Issues in Political Thought (Anti-Colonial Political Thought),TA,Lecture,5_Spring-25
2209,PSY 111,General Psychology,HB,Lecture,1_Spring-23
2210,PSY 111,General Psychology,HB,Lecture,1_Spring-23
2211,PSY 111,Introduction to Psychology,HB,Lecture,4_Fall-24
2212,PSY 111,Introduction to Psychology,HB,Lecture,4_Fall-24
2213,PSY 111,Introduction to Psychology,HB,Lecture,4_Fall-24
2214,PSY 111,Introduction to Psychology,HB,Lecture,3_Spring-24
2215,PSY 111,Introduction to Psychology,HB,Lecture,3_Spring-24
2216,PSY 111,General Psychology,HB,Lecture,1_Spring-23
2217,PSY 111,General Psychology,HB,Lecture,1_Spring-23
2218,PSY 111,General Psychology,HB,Lecture,0_Fall-22
2219,PSY 201,Research Methods and Statistics I,"HB, WR",Laboratory,4_Fall-24
2220,PSY 201,Research Methods and Statistics I,"HB, WR",Lecture,3_Spring-24
2221,PSY 201,Research Methods and Statistics I,"HB, WR",Laboratory,5_Spring-25
2222,PSY 201,Research Methods and Statistics I,"HB, WR",Lecture,5_Spring-25
2223,PSY 201,Research Methods and Statistics I,"HB, WR",Lecture,5_Spring-25
2224,PSY 201,Research Methods and Statistics I,"HB, WR",Laboratory,5_Spring-25
2225,PSY 201,Research Methods and Statistics I,"HB, WR",Laboratory,4_Fall-24
2226,PSY 201,Research Methods and Statistics I,"HB, WR",Lecture,2_Fall-23
2227,PSY 201,Research Methods and Statistics I,"HB, WR",Laboratory,0_Fall-22
2228,PSY 201,Research Methods and Statistics I,"HB, WR",Lecture,4_Fall-24
2229,PSY 201,Research Methods and Statistics I,"HB, WR",Lecture,4_Fall-24
2230,PSY 201,Research Methods and Statistics I,"HB, WR",Laboratory,4_Fall-24
2231,PSY 201,Research Methods and Statistics I,"HB, WR",Lecture,0_Fall-22
2232,PSY 201,Research Methods and Statistics I,"HB, WR",Lecture,4_Fall-24
2233,PSY 201,Research Methods and Statistics I,"HB, WR",Laboratory,0_Fall-22
2252,PSY 211,Childhood and Adolescence,HB,Lecture,1_Spring-23
2253,PSY 211,Childhood and Adolescence,HB,Lecture,5_Spring-25
2254,PSY 212,Social Psychology,HB,Lecture,5_Spring-25
2260,PSY 217,Child Psychopathology,IEJ,Lecture,3_Spring-24
2261,PSY 217,Child Psychopathology,IEJ,Lecture,4_Fall-24
2264,PSY 219,"Stereotyping, Prejudice, & Discrimination",IEJ,Lecture,5_Spring-25
2269,PSY 320,Introduction to Biopsychology,NWL,Laboratory,3_Spring-24
2270,PSY 320,Introduction to Biopsychology,NWL,Lecture,3_Spring-24
2271,PSY 320,Introduction to Biopsychology,NWL,Laboratory,5_Spring-25
2272,PSY 320,Introduction to Biopsychology,NWL,Lecture,5_Spring-25
2281,PSY 328,Sensation and Perception,NWL,Lecture,5_Spring-25
2282,PSY 328,Sensation and Perception,NWL,Laboratory,5_Spring-25
2283,PSY 328,Sensation and Perception,NWL,Lecture,3_Spring-24
2284,PSY 328,Sensation and Perception,NWL,Laboratory,3_Spring-24
2312,PSY RSRCH,Research Methods and Statistics,"HB, WR",Laboratory,1_Spring-23
2313,PSY RSRCH,Research Methods and Statistics,"HB, WR",Lecture,1_Spring-23
2314,PSY RSRCH,Research Methods and Statistics,"HB, WR",Laboratory,1_Spring-23
2315,PSY RSRCH,Research Methods and Statistics,"HB, WR",Lecture,1_Spring-23
2316,PSY RSRCH,Research Methods and Statistics,"HB, WR",Laboratory,1_Spring-23
2317,PSY RSRCH,Research Methods and Statistics,"HB, WR",Lecture,1_Spring-23
2716,REL 101,Introduction to Religion,UQ,Lecture,3_Spring-24
2717,REL 110,Religions of the World,WC,Lecture,4_Fall-24
2718,REL 110,Religions of the World,WC,Lecture,5_Spring-25
2719,REL 111,Bible and Ultimate Meaning,UQ,Lecture,5_Spring-25
2720,REL 111,Bible and Ultimate Meaning,UQ,Lecture,5_Spring-25
2721,REL 111,Bible and Ultimate Meaning,UQ,Lecture,5_Spring-25
2722,REL 125,Religions of the World,WC,Lecture,1_Spring-23
2723,REL 125,Religions of the World,WC,Lecture,1_Spring-23
2724,REL 125,Religions of the World,WC,Lecture,1_Spring-23
2725,REL 125,Religions of the World,WC,Lecture,0_Fall-22
2726,REL 210,Introduction to the Old Testament,TA,Lecture,2_Fall-23
2727,REL 210,Introduction to the Old Testament,TA,Lecture,5_Spring-25
2728,REL 211,New Testament and Early Christianity,TA,Lecture,2_Fall-23
2729,REL 211,New Testament and Early Christianity,TA,Lecture,0_Fall-22
2730,REL 218,The Bible and Popular Culture,UQ,Lecture,5_Spring-25
2731,REL 220,Introduction to Judaism,UQ,Lecture,2_Fall-23
2732,REL 221,Native American Religions,"UQ, IEJ, WC",Lecture,4_Fall-24
2733,REL 221,Native American Religions,"UQ, IEJ, WC",Lecture,4_Fall-24
2734,REL 221,Native American Religions,"UQ, WC",Lecture,0_Fall-22
2735,REL 222,Introduction to Islam,"UQ, WC",Lecture,1_Spring-23
2736,REL 222,Introduction to Islam,"UQ, WC",Lecture,2_Fall-23
2737,REL 222,Introduction to Islam,"UQ, WC",Lecture,0_Fall-22
2738,REL 223,Hindu Cultures and Religious Worlds,"UQ, WC",Lecture,0_Fall-22
2739,REL 224,Introduction to Buddhism,"UQ, WC",Lecture,2_Fall-23
2740,REL 224,Introduction to Buddhism,"UQ, WC",Lecture,2_Fall-23
2741,REL 228,History of God,UQ,Lecture,3_Spring-24
2742,REL 229,Sufi Islam,"UQ, WC",Lecture,5_Spring-25
2743,REL 230,Religion in America,HA,Lecture,2_Fall-23
2744,REL 230,Religion in America,"HA, IEJ",Lecture,5_Spring-25
2745,REL 232,African-American Religious History,"HA, IEJ",Lecture,2_Fall-23
2746,REL 235,History of Christianity to 600 CE,HA,Lecture,3_Spring-24
2747,REL 236,History of Christianity in the Middle Ages,HA,Lecture,5_Spring-25
2748,REL 237,Reformation and Modernity,HA,Lecture,1_Spring-23
2750,REL 247,God  War and Empire,UQ,Lecture,0_Fall-22
2751,REL 248,Religion and the Environment,"UQ, NE",Lecture,1_Spring-23
2752,REL 251,Jerusalem: One City  Three Faiths,HA,Lecture,1_Spring-23
2753,REL 252,Judaism in the Time of Jesus,HA,Lecture,3_Spring-24
2754,REL 254,Religion and Science Fiction,UQ,Lecture,0_Fall-22
2755,REL 260,Religion and Literature,TA,Lecture,4_Fall-24
2756,REL 262,Religion and Art,"VP, WC",Lecture,4_Fall-24
2757,REL 262,Religion and Art,"VP, WC",Lecture,2_Fall-23
2758,REL 262,Religion and Art,"VP, WC",Lecture,3_Spring-24
2759,REL 262,Religion and Art,"VP, WC",Lecture,3_Spring-24
2760,REL 263,Murder Mystery and Mayhem,TA,Lecture,2_Fall-23
2764,REL 310,Old Testament Prophets,HA,Lecture,5_Spring-25
2765,REL 317,History of Bible Translation,WR,Lecture,1_Spring-23
2766,REL 318,Jesus and the Gospels,TA,Lecture,2_Fall-23
2767,REL 319,Paul's Life and Thought,TA,Lecture,1_Spring-23
2768,REL 320,Sexuality and Gender in Buddhism,"IEJ, WC",Lecture,3_Spring-24
2769,REL 322,Muhammad and the Qur'an,TA,Lecture,2_Fall-23
2770,REL 328,Religions in Japan,"UQ, WC",Lecture,1_Spring-23
2771,REL 328,Religions in Japan,"UQ, WC",Lecture,5_Spring-25
2772,REL 331,History and Theology of Christian Worship,UQ,Lecture,4_Fall-24
2773,REL 332,Wealth and Poverty in Christian Tradition,UQ,Lecture,3_Spring-24
2774,REL 333,Middle Eastern Christianity: History and Worship,"UQ, WC",Lecture,5_Spring-25
2775,REL 339,Dante in Translation,"UQ, WR",Lecture,0_Fall-22
2776,REL 351,Encountering Texts on Travel Study,TA,Lecture,1_Spring-23
2777,REL 363,Sexuality and Christian Theology,UQ,Lecture,3_Spring-24
2778,REL 364,Religion and Art in Christianity  Judaism and Islam,"VP, WC",Lecture,1_Spring-23
2782,REL 475,Senior Seminar,WR,Seminar,0_Fall-22
2783,SCI 110,"Big Problems, Big Ideas: The STEM Perspective","IEJ, NE",Lecture,2_Fall-23
2784,SCI 110,Grand Challenges in STEM,"IEJ, NE",Lecture,4_Fall-24
2799,SOC 101,Introduction to Sociology,"HB, IEJ",Lecture,1_Spring-23
2800,SOC 101,Introduction to Sociology,"HB, IEJ",Lecture,2_Fall-23
2801,SOC 101,Introduction to Sociology,"HB, IEJ",Lecture,5_Spring-25
2802,SOC 101,Introduction to Sociology,"HB, IEJ",Lecture,5_Spring-25
2803,SOC 101,Introduction to Sociology,"HB, IEJ",Lecture,5_Spring-25
2804,SOC 101,Introduction to Sociology,"HB, IEJ",Lecture,2_Fall-23
2805,SOC 101,Introduction to Sociology,"HB, IEJ",Lecture,5_Spring-25
2806,SOC 101,Introduction to Sociology,"HB, IEJ",Lecture,4_Fall-24
2807,SOC 101,Introduction to Sociology,"HB, IEJ",Lecture,3_Spring-24
2808,SOC 101,Introduction to Sociology,"HB, IEJ",Lecture,0_Fall-22
2809,SOC 201,Social Problems,HB,Lecture,0_Fall-22
2810,SOC 201,Social Problems,HB,Lecture,1_Spring-23
2811,SOC 211,Introduction to Criminology,HB,Lecture,2_Fall-23
2812,SOC 212,Law and Society,HB,Lecture,4_Fall-24
2813,SOC 231,Media  Culture and Society,HB,Lecture,1_Spring-23
2815,SOC 234,Medical Sociology,HB,Lecture,2_Fall-23
2816,SOC 241,Social Class in America,HB,Lecture,3_Spring-24
2817,SOC 242,Sociology of Gender and Sexuality,HB,Lecture,1_Spring-23
2818,SOC 243,Race and Ethnic Relations,HB,Lecture,2_Fall-23
2819,SOC 251,Social Movements and Collective Behavior,HB,Lecture,4_Fall-24
2820,SOC 262,Social Determinants of Health,HB,Lecture,0_Fall-22
2821,SOC 280,Global Sociology,"HB, WC",Lecture,3_Spring-24
2826,SOC 470,Qualitative Research Seminar,WR,Seminar,0_Fall-22
2827,SOC 470,Qualitative Research Seminar (Topic to be determined),WR,Seminar,2_Fall-23
2828,SOC 470,Qualitative Research Seminar (The Sociology of the South),WR,Seminar,4_Fall-24
2851,SPN 201,Intermediate Spanish I,FL,Lecture,5_Spring-25
2852,SPN 201,Intermediate Spanish I,FL,Lecture,5_Spring-25
2853,SPN 201,Intermediate Spanish I,FL,Lecture,5_Spring-25
2854,SPN 201,Intermediate Spanish I,FL,Lecture,0_Fall-22
2855,SPN 201,Intermediate Spanish I,FL,Lecture,0_Fall-22
2856,SPN 201,Intermediate Spanish I,FL,Lecture,3_Spring-24
2857,SPN 201,Intermediate Spanish I,FL,Lecture,3_Spring-24
2858,SPN 201,Intermediate Spanish I,FL,Lecture,0_Fall-22
2861,SPN 215,Composition and Conversation,FL,Lecture,1_Spring-23
2862,SPN 215,Composition and Conversation,FL,Lecture,4_Fall-24
2863,SPN 215,Composition and Conversation,FL,Lecture,4_Fall-24
2864,SPN 215,Composition and Conversation,FL,Lecture,4_Fall-24
2865,SPN 215,Composition and Conversation,FL,Lecture,3_Spring-24
2866,SPN 215,Composition and Conversation,FL,Lecture,3_Spring-24
2867,SPN 220,Spanish Civilization,FL,Lecture,3_Spring-24
2868,SPN 240,Latin American Civilization,"FL, WC",Lecture,4_Fall-24
2869,SPN 240,Latin American Civilization,"FL, WC",Lecture,0_Fall-22
2870,SPN 240,Latin American Civilization,"FL, WC",Lecture,4_Fall-24
2871,SPN 260,Hispanics in the United States,"FL, WC",Lecture,2_Fall-23
2872,SPN 270,Introduction to Literary Analysis,"FL, TA",Lecture,5_Spring-25
2873,SPN 270,Introduction to Literary Analysis,"FL, TA",Lecture,5_Spring-25
2874,SPN 270,Introduction to Literary Analysis,"FL, TA",Lecture,1_Spring-23
2875,SPN 270,Introduction to Literary Analysis,"FL, TA",Lecture,2_Fall-23
2876,SPN 270,Introduction to Literary Analysis,"FL, TA",Lecture,1_Spring-23
2877,SPN 270,Introduction to Literary Analysis,"FL, TA",Lecture,4_Fall-24
2878,SPN 300,Introduction to Hispanic Linguistics,HB,Lecture,0_Fall-22
2879,SPN 302,Medical Spanish,FL,Lecture,5_Spring-25
2884,SPN 330,Reading and Writing the Hispanic World,"TA, WR",Lecture,1_Spring-23
2885,SPN 400,Advanced Studies in Hispanic Linguistics (Bilingualism in the Spanish-speaking World),HB,Lecture,3_Spring-24
2887,SPN 430,Readings in Spanish Literature (Transition and Historical Memory in Spanish Fiction and Film),TA,Lecture,2_Fall-23
2888,SPN 430,Readings in Spanish Literature (Miguel de Unamuno),TA,Lecture,0_Fall-22
2889,SPN 430,"Readings in Spanish Literature (Race, Gender, and Activism in Contemporary Spain)",TA,Lecture,5_Spring-25
2890,SPN 445,Latin American Women's Literature,TA,Lecture,1_Spring-23
2891,SPN 460,Readings in Spanish American Literature (Monstrous Literature in Latin America),TA,Lecture,3_Spring-24
2892,SPN 460,Readings in Spanish American Literature (Mexico: Text and Image),TA,Lecture,4_Fall-24
2897,SUS 120,Principles of Sustainability Science,"NWL, NE",Laboratory,2_Fall-23
2898,SUS 120,Principles of Sustainability Science,"NWL, NE",Lecture,2_Fall-23
2899,SUS 120,Principles of Sustainability Science,"NWL, NE",Laboratory,2_Fall-23
2900,SUS 120,Principles of Sustainability Science,"NWL, NE",Lecture,2_Fall-23
2901,SUS 120,Principles of Sustainability Science,"NWL, NE",Laboratory,2_Fall-23
2902,SUS 120,Principles of Sustainability Science,"NWL, NE",Lecture,2_Fall-23
2903,SUS 120,Principles of Sustainability Science,"NWL, NE",Laboratory,1_Spring-23
2904,SUS 120,Principles of Sustainability Science,"NWL, NE",Lecture,1_Spring-23
2913,SUS 220,Mineral Resources and Sustainable Development,WR,Laboratory,5_Spring-25
2914,SUS 220,Mineral Resources and Sustainable Development,WR,Lecture,5_Spring-25
2915,SUS 220,Mineral Resources and Sustainable Development,WR,Laboratory,1_Spring-23
2916,SUS 220,Mineral Resources and Sustainable Development,WR,Lecture,1_Spring-23
2933,SUS 335,Sustainability and Social Justice,IEJ,Lecture,3_Spring-24
2934,SUS 335,Sustainability and Social Justice,IEJ,Laboratory,3_Spring-24
2941,SUS 472,Research and Analysis,WR,Seminar,4_Fall-24
2942,SUS 473,Sustainability Science Practicum,WR,Laboratory,0_Fall-22
2943,SUS 473,Sustainability Science Practicum,WR,Seminar,0_Fall-22
2944,SUS 473,Sustainability Science Practicum,WR,Seminar,4_Fall-24
2952,THA 101,Introduction to Theatre,VP,Lecture,5_Spring-25
2953,THA 101,Introduction to Theatre,VP,Lecture,2_Fall-23
2954,THA 101,Introduction to Theatre,VP,Lecture,3_Spring-24
2955,THA 111,Introduction to Acting,VP,Lecture,3_Spring-24
2959,THA 116,Costume Crafts,VP,Lecture,1_Spring-23
2960,THA 116,Costume Crafts,VP,Lecture,5_Spring-25
2961,THA 116,Costume Crafts,VP,Laboratory,2_Fall-23
2962,THA 116,Costume Crafts,VP,Lecture,2_Fall-23
2963,THA 116,Costume Crafts,VP,Laboratory,5_Spring-25
2964,THA 120,Acting,VP,Lecture,2_Fall-23
2965,THA 210,Theatre History I,HA,Lecture,2_Fall-23
2970,THA 224,Movement for the Actor,MB,Laboratory,3_Spring-24
2971,THA 224,Movement for the Actor,MB,Lecture,3_Spring-24
2972,THA 230,Readings in Dramatic Literature,TA,Lecture,1_Spring-23
2973,THA 240,Playwriting,VP,Lecture,3_Spring-24
3014,WGS 101,Issues in Women's  Gender and Sexuality Studies,IEJ,Lecture,5_Spring-25
3015,WGS 230,Issues in Women's  Gender and Sexuality Studies,IEJ,Lecture,3_Spring-24
3018,WGS 250,Introduction to Queer Theory and Sexuality Studies,"TA, IEJ",Lecture,5_Spring-25
